/**
 *  2Moons
 *  Copyright (C) 2010  Slaver
 *
 * This program is free software: you can redistribute it and/or modify
 * it under the terms of the GNU General Public License as published by
 * the Free Software Foundation, either version 3 of the License, or
 * (at your option) any later version.
 *
 * This program is distributed in the hope that it will be useful,
 * but WITHOUT ANY WARRANTY; without even the implied warranty of
 * MERCHANTABILITY or FITNESS FOR A PARTICULAR PURPOSE.  See the
 * GNU General Public License for more details.
 *
 * You should have received a copy of the GNU General Public License
 * along with this program.  If not, see <http://www.gnu.org/licenses/>.
 *
 * @package 2Moons
 * @author Jan <info@2moons.cc>
 * @copyright 2006 Perberos <ugamela@perberos.com.ar> (UGamela)
 * @copyright 2008 Chlorel (XNova)
 * @copyright 2009 Lucky (XGProyecto)
 * @copyright 2012 Jan <info@2moons.cc> (2Moons)
 * @license http://www.gnu.org/licenses/gpl.html GNU GPLv3 License
 * @version 1.6 (2011-11-17)
 * @info $Id$
 * @link http://code.google.com/p/2moons/
 */

SET SQL_MODE="NO_AUTO_VALUE_ON_ZERO";
SET time_zone = "+00:00";

/*!40101 SET @OLD_CHARACTER_SET_CLIENT=@@CHARACTER_SET_CLIENT */;
/*!40101 SET @OLD_CHARACTER_SET_RESULTS=@@CHARACTER_SET_RESULTS */;
/*!40101 SET @OLD_COLLATION_CONNECTION=@@COLLATION_CONNECTION */;
/*!40101 SET NAMES utf8 */;

CREATE TABLE `$PREFIX$aks` (
  `id` int(11) unsigned NOT NULL AUTO_INCREMENT,
  `name` varchar(50) DEFAULT NULL,
  `target` int(11) unsigned NOT NULL,
  `ankunft` int(11) DEFAULT NULL,
  PRIMARY KEY (`id`)
) ENGINE=MyISAM  DEFAULT CHARSET=utf8;

CREATE TABLE `$PREFIX$alliance` (
  `id` int(11) unsigned NOT NULL AUTO_INCREMENT,
  `ally_name` varchar(50) DEFAULT '',
  `ally_tag` varchar(20) DEFAULT '',
  `ally_owner` int(11) unsigned NOT NULL DEFAULT '0',
  `ally_register_time` int(11) NOT NULL DEFAULT '0',
  `ally_description` text,
  `ally_web` varchar(255) DEFAULT '',
  `ally_text` text,
  `ally_image` varchar(255) DEFAULT '',
  `ally_request` varchar(1000) DEFAULT NULL,
  `ally_request_notallow` tinyint(1) unsigned NOT NULL DEFAULT '0',
  `ally_owner_range` varchar(32) DEFAULT '',
  `ally_members` tinyint(3) unsigned NOT NULL DEFAULT '0',
  `ally_stats` tinyint(1) unsigned NOT NULL DEFAULT '1',
  `ally_diplo` tinyint(1) unsigned NOT NULL DEFAULT '1',
  `ally_universe` tinyint(3) unsigned NOT NULL,
  PRIMARY KEY (`id`),
  KEY `ally_tag` (`ally_tag`),
  KEY `ally_name` (`ally_name`),
  KEY `ally_universe` (`ally_universe`)
) ENGINE=MyISAM  DEFAULT CHARSET=utf8;

CREATE TABLE `$PREFIX$alliance_ranks` (
  `rankID` int(11) NOT NULL AUTO_INCREMENT,
  `rankName` varchar(32) NOT NULL,
  `allianceID` int(10) unsigned NOT NULL,
  `MEMBERLIST` tinyint(3) unsigned NOT NULL DEFAULT '0',
  `ONLINESTATE` tinyint(3) unsigned NOT NULL DEFAULT '0',
  `TRANSFER` tinyint(3) unsigned NOT NULL DEFAULT '0',
  `SEEAPPLY` tinyint(3) unsigned NOT NULL DEFAULT '0',
  `MANAGEAPPLY` tinyint(3) unsigned NOT NULL DEFAULT '0',
  `ROUNDMAIL` tinyint(3) unsigned NOT NULL DEFAULT '0',
  `ADMIN` tinyint(3) unsigned NOT NULL DEFAULT '0',
  `KICK` tinyint(3) unsigned NOT NULL DEFAULT '0',
  `DIPLOMATIC` tinyint(3) unsigned NOT NULL DEFAULT '0',
  `RANKS` tinyint(3) unsigned NOT NULL DEFAULT '0',
  `MANAGEUSERS` tinyint(3) unsigned NOT NULL DEFAULT '0',
  PRIMARY KEY (`rankID`),
  KEY `allianceID` (`allianceID`,`rankID`)
) ENGINE=MyISAM  DEFAULT CHARSET=utf8;

CREATE TABLE `$PREFIX$alliance_request` (
  `applyID` int(10) unsigned NOT NULL AUTO_INCREMENT,
  `text` text NOT NULL,
  `userID` int(10) unsigned NOT NULL,
  `allianceID` int(10) unsigned NOT NULL,
  `time` int(11) NOT NULL,
  PRIMARY KEY (`applyID`),
  KEY `allianceID` (`allianceID`,`userID`)
) ENGINE=MyISAM  DEFAULT CHARSET=utf8;

CREATE TABLE `$PREFIX$banned` (
  `id` int(11) unsigned NOT NULL AUTO_INCREMENT,
  `who` varchar(64) NOT NULL DEFAULT '',
  `theme` varchar(500) NOT NULL,
  `time` int(11) NOT NULL DEFAULT '0',
  `longer` int(11) NOT NULL DEFAULT '0',
  `author` varchar(64) NOT NULL DEFAULT '',
  `email` varchar(64) NOT NULL DEFAULT '',
  `universe` tinyint(3) unsigned NOT NULL,
  KEY `ID` (`id`),
  KEY `universe` (`universe`)
) ENGINE=MyISAM  DEFAULT CHARSET=utf8;

CREATE TABLE `$PREFIX$buddy` (
  `id` int(11) unsigned NOT NULL AUTO_INCREMENT,
  `sender` int(11) unsigned NOT NULL DEFAULT '0',
  `owner` int(11) unsigned NOT NULL DEFAULT '0',
  `universe` tinyint(3) unsigned NOT NULL,
  PRIMARY KEY (`id`),
  KEY `universe` (`universe`),
  KEY `sender` (`sender`,`owner`)
) ENGINE=MyISAM DEFAULT CHARSET=utf8;

CREATE TABLE `$PREFIX$buddy_request` (
  `id` int(11) unsigned NOT NULL,
  `text` text NOT NULL,
  PRIMARY KEY (`id`)
) ENGINE=MyISAM DEFAULT CHARSET=utf8;

CREATE TABLE `$PREFIX$chat_bans` (
  `userID` int(11) NOT NULL,
  `userName` varchar(64) NOT NULL,
  `dateTime` datetime NOT NULL,
  `ip` varbinary(16) NOT NULL
) ENGINE=MyISAM DEFAULT CHARSET=utf8;

CREATE TABLE `$PREFIX$chat_invitations` (
  `userID` int(11) NOT NULL,
  `channel` int(11) NOT NULL,
  `dateTime` datetime NOT NULL
) ENGINE=MyISAM DEFAULT CHARSET=utf8;

CREATE TABLE `$PREFIX$chat_messages` (
  `id` int(11) NOT NULL AUTO_INCREMENT,
  `userID` int(11) NOT NULL,
  `userName` varchar(64) NOT NULL,
  `userRole` int(1) NOT NULL,
  `channel` int(11) NOT NULL,
  `dateTime` datetime NOT NULL,
  `ip` varbinary(16) NOT NULL,
  `text` text CHARACTER SET utf8 COLLATE utf8_bin,
  PRIMARY KEY (`id`)
) ENGINE=MyISAM  DEFAULT CHARSET=utf8;

CREATE TABLE `$PREFIX$chat_online` (
  `userID` int(11) NOT NULL,
  `userName` varchar(64) NOT NULL,
  `userRole` int(1) NOT NULL,
  `channel` int(11) NOT NULL,
  `dateTime` datetime NOT NULL,
  `ip` varbinary(16) NOT NULL,
  KEY `dateTime` (`dateTime`,`channel`)
) ENGINE=MyISAM DEFAULT CHARSET=utf8;

CREATE TABLE `$PREFIX$config` (
	`name` varchar(64) NOT NULL,
	`value` TEXT NULL DEFAULT NULL,
	PRIMARY KEY (`name`)
) ENGINE=MyISAM DEFAULT CHARSET=utf8;

CREATE TABLE `$PREFIX$diplo` (
  `id` int(11) unsigned NOT NULL AUTO_INCREMENT,
  `owner_1` int(11) unsigned NOT NULL,
  `owner_2` int(11) unsigned NOT NULL,
  `level` tinyint(1) unsigned NOT NULL,
  `accept` tinyint(1) unsigned NOT NULL,
  `accept_text` varchar(255) NOT NULL,
  `universe` tinyint(3) unsigned NOT NULL,
  PRIMARY KEY (`id`),
  KEY `owner_1` (`owner_1`,`owner_2`),
  KEY `universe` (`universe`)
) ENGINE=MyISAM DEFAULT CHARSET=utf8;

CREATE TABLE `$PREFIX$fleets` (
  `fleet_id` bigint(11) unsigned NOT NULL AUTO_INCREMENT,
  `fleet_owner` int(11) unsigned NOT NULL DEFAULT '0',
  `fleet_mission` tinyint(3) unsigned NOT NULL DEFAULT '3',
  `fleet_amount` bigint(20) unsigned NOT NULL DEFAULT '0',
  `fleet_array` text,
  `fleet_universe` tinyint(3) unsigned NOT NULL,
  `fleet_start_time` int(11) NOT NULL DEFAULT '0',
  `fleet_start_id` int(11) unsigned NOT NULL,
  `fleet_start_galaxy` tinyint(3) unsigned NOT NULL DEFAULT '0',
  `fleet_start_system` smallint(5) unsigned NOT NULL DEFAULT '0',
  `fleet_start_planet` tinyint(3) unsigned NOT NULL DEFAULT '0',
  `fleet_start_type` tinyint(3) unsigned NOT NULL DEFAULT '1',
  `fleet_end_time` int(11) NOT NULL DEFAULT '0',
  `fleet_end_stay` int(11) NOT NULL DEFAULT '0',
  `fleet_end_id` int(11) unsigned NOT NULL,
  `fleet_end_galaxy` tinyint(3) unsigned NOT NULL DEFAULT '0',
  `fleet_end_system` smallint(5) unsigned NOT NULL DEFAULT '0',
  `fleet_end_planet` tinyint(3) unsigned NOT NULL DEFAULT '0',
  `fleet_end_type` tinyint(3) unsigned NOT NULL DEFAULT '1',
  `fleet_target_obj` smallint(3) unsigned NOT NULL DEFAULT '0',
  `fleet_resource_metal` double(50,0) unsigned NOT NULL DEFAULT '0',
  `fleet_resource_crystal` double(50,0) unsigned NOT NULL DEFAULT '0',
  `fleet_resource_deuterium` double(50,0) unsigned NOT NULL DEFAULT '0',
  `fleet_resource_darkmatter` double(50,0) unsigned NOT NULL DEFAULT '0',
  `fleet_target_owner` int(11) unsigned NOT NULL DEFAULT '0',
  `fleet_group` int(10) unsigned NOT NULL DEFAULT '0',
  `fleet_mess` tinyint(3) unsigned NOT NULL DEFAULT '0',
  `start_time` int(11) DEFAULT NULL,
  `fleet_busy` tinyint(3) unsigned NOT NULL DEFAULT '0',
  PRIMARY KEY (`fleet_id`),
  KEY `fleet_target_owner` (`fleet_target_owner`,`fleet_mission`),
  KEY `fleet_owner` (`fleet_owner`,`fleet_mission`),
  KEY `fleet_group` (`fleet_group`)
) ENGINE=MyISAM  DEFAULT CHARSET=utf8;

CREATE TABLE `$PREFIX$fleet_event` (
  `fleetID` int(11) NOT NULL,
  `time` int(11) NOT NULL,
  `lock` varchar(32) DEFAULT NULL,
  PRIMARY KEY (`fleetID`),
  KEY `lock` (`lock`,`time`)
) ENGINE=MyISAM DEFAULT CHARSET=utf8;

CREATE TABLE `$PREFIX$log` (
  `id` int(11) unsigned NOT NULL AUTO_INCREMENT,
  `mode` tinyint(3) unsigned NOT NULL,
  `admin` int(11) unsigned NOT NULL,
  `target` int(11) NOT NULL,
  `time` int(11) unsigned NOT NULL,
  `data` text NOT NULL,
  `universe` tinyint(3) NOT NULL,
  PRIMARY KEY (`id`),
  KEY `mode` (`mode`)
) ENGINE=MyISAM  DEFAULT CHARSET=utf8;

CREATE TABLE `$PREFIX$log_fleets` (
  `fleet_id` bigint(11) unsigned NOT NULL,
  `fleet_owner` int(11) unsigned NOT NULL DEFAULT '0',
  `fleet_mission` tinyint(3) unsigned NOT NULL DEFAULT '3',
  `fleet_amount` bigint(20) unsigned NOT NULL DEFAULT '0',
  `fleet_array` text,
  `fleet_universe` tinyint(3) unsigned NOT NULL,
  `fleet_start_time` int(11) NOT NULL DEFAULT '0',
  `fleet_start_id` int(11) unsigned NOT NULL,
  `fleet_start_galaxy` tinyint(3) unsigned NOT NULL DEFAULT '0',
  `fleet_start_system` smallint(5) unsigned NOT NULL DEFAULT '0',
  `fleet_start_planet` tinyint(3) unsigned NOT NULL DEFAULT '0',
  `fleet_start_type` tinyint(3) unsigned NOT NULL DEFAULT '1',
  `fleet_end_time` int(11) NOT NULL DEFAULT '0',
  `fleet_end_stay` int(11) NOT NULL DEFAULT '0',
  `fleet_end_id` int(11) unsigned NOT NULL,
  `fleet_end_galaxy` tinyint(3) unsigned NOT NULL DEFAULT '0',
  `fleet_end_system` smallint(5) unsigned NOT NULL DEFAULT '0',
  `fleet_end_planet` tinyint(3) unsigned NOT NULL DEFAULT '0',
  `fleet_end_type` tinyint(3) unsigned NOT NULL DEFAULT '1',
  `fleet_target_obj` smallint(3) unsigned NOT NULL DEFAULT '0',
  `fleet_resource_metal` double(50,0) unsigned NOT NULL DEFAULT '0',
  `fleet_resource_crystal` double(50,0) unsigned NOT NULL DEFAULT '0',
  `fleet_resource_deuterium` double(50,0) unsigned NOT NULL DEFAULT '0',
  `fleet_resource_darkmatter` double(50,0) unsigned NOT NULL DEFAULT '0',
  `fleet_target_owner` int(11) unsigned NOT NULL DEFAULT '0',
  `fleet_group` varchar(15) NOT NULL DEFAULT '0',
  `fleet_mess` tinyint(3) unsigned NOT NULL DEFAULT '0',
  `start_time` int(11) DEFAULT NULL,
  `fleet_busy` tinyint(3) unsigned NOT NULL DEFAULT '0',
  `fleet_state` tinyint(3) unsigned NOT NULL DEFAULT '0',
  PRIMARY KEY (`fleet_id`),
  KEY `BashRule` (`fleet_owner`,`fleet_end_id`,`fleet_start_time`,`fleet_mission`,`fleet_state`)
) ENGINE=MyISAM DEFAULT CHARSET=utf8;

CREATE TABLE `$PREFIX$messages` (
  `message_id` bigint(20) unsigned NOT NULL AUTO_INCREMENT,
  `message_owner` int(11) unsigned NOT NULL DEFAULT '0',
  `message_sender` int(11) unsigned NOT NULL DEFAULT '0',
  `message_time` int(11) NOT NULL DEFAULT '0',
  `message_type` tinyint(3) unsigned NOT NULL DEFAULT '0',
  `message_from` varchar(128) DEFAULT NULL,
  `message_subject` varchar(128) DEFAULT NULL,
  `message_text` text,
  `message_unread` tinyint(4) NOT NULL DEFAULT '1',
  `message_universe` tinyint(3) unsigned NOT NULL,
  PRIMARY KEY (`message_id`),
  KEY `message_sender` (`message_sender`),
  KEY `message_owner` (`message_owner`,`message_type`,`message_unread`)
) ENGINE=MyISAM  DEFAULT CHARSET=utf8;

CREATE TABLE `$PREFIX$module` (
	`moduleID` tinyint(3) unsigned NOT NULL AUTO_INCREMENT,
	`enable` tinyint(1) unsigned NULL DEFAULT '1',
	PRIMARY KEY (`moduleID`)
) ENGINE=MyISAM DEFAULT CHARSET=utf8;

CREATE TABLE `$PREFIX$news` (
  `id` int(11) unsigned NOT NULL AUTO_INCREMENT,
  `user` varchar(64) NOT NULL,
  `date` int(11) NOT NULL,
  `title` varchar(64) NOT NULL,
  `text` text NOT NULL,
  PRIMARY KEY (`id`)
) ENGINE=MyISAM DEFAULT CHARSET=utf8;

CREATE TABLE `$PREFIX$notes` (
  `id` int(11) NOT NULL AUTO_INCREMENT,
  `owner` int(11) unsigned DEFAULT NULL,
  `time` int(11) DEFAULT NULL,
  `priority` tinyint(1) unsigned DEFAULT '1',
  `title` varchar(32) DEFAULT NULL,
  `text` text,
  `universe` tinyint(3) unsigned NOT NULL,
  PRIMARY KEY (`id`),
  KEY `universe` (`universe`),
  KEY `owner` (`owner`,`time`,`priority`)
) ENGINE=MyISAM  DEFAULT CHARSET=utf8;

CREATE TABLE IF NOT EXISTS `$PREFIX$planets` (
  `id` int(11) unsigned NOT NULL AUTO_INCREMENT,
  `name` varchar(20) DEFAULT 'Hauptplanet',
  `id_owner` int(11) unsigned DEFAULT NULL,
  `universe` tinyint(3) unsigned NOT NULL,
  `galaxy` tinyint(3) NOT NULL DEFAULT '0',
  `system` smallint(5) NOT NULL DEFAULT '0',
  `planet` tinyint(3) NOT NULL DEFAULT '0',
  `last_update` int(11) DEFAULT NULL,
  `planet_type` enum('1','3') NOT NULL DEFAULT '1',
  `destruyed` int(11) NOT NULL DEFAULT '0',
  `b_building` int(11) NOT NULL DEFAULT '0',
  `b_building_id` text,
  `b_hangar` int(11) NOT NULL DEFAULT '0',
  `b_hangar_id` text,
  `b_hangar_plus` int(11) NOT NULL DEFAULT '0',
  `image` varchar(32) NOT NULL DEFAULT 'normaltempplanet01',
  `diameter` int(11) unsigned NOT NULL DEFAULT '12800',
  `field_current` smallint(5) unsigned NOT NULL DEFAULT '0',
  `field_max` smallint(5) unsigned NOT NULL DEFAULT '163',
  `temp_min` smallint(3) NOT NULL DEFAULT '-17',
  `temp_max` smallint(3) NOT NULL DEFAULT '23',
  `eco_hash` varchar(32) NOT NULL DEFAULT '',
  `metal` double(50,6) unsigned NOT NULL DEFAULT '0.000000',
  `metal_perhour` double(50,6) NOT NULL DEFAULT '0.000000',
  `metal_max` double(50,0) unsigned DEFAULT '100000',
  `crystal` double(50,6) unsigned NOT NULL DEFAULT '0.000000',
  `crystal_perhour` double(50,6) NOT NULL DEFAULT '0.000000',
  `crystal_max` double(50,0) unsigned DEFAULT '100000',
  `deuterium` double(50,6) unsigned NOT NULL DEFAULT '0.000000',
  `deuterium_perhour` double(50,6) NOT NULL DEFAULT '0.000000',
  `deuterium_max` double(50,0) unsigned DEFAULT '100000',
  `energy_used` double(50,0) NOT NULL DEFAULT '0',
  `energy` double(50,0) unsigned NOT NULL DEFAULT '0',
  `metal_mine` tinyint(3) unsigned NOT NULL DEFAULT '0',
  `crystal_mine` tinyint(3) unsigned NOT NULL DEFAULT '0',
  `deuterium_sintetizer` tinyint(3) unsigned NOT NULL DEFAULT '0',
  `solar_plant` tinyint(3) unsigned NOT NULL DEFAULT '0',
  `fusion_plant` tinyint(3) unsigned NOT NULL DEFAULT '0',
  `robot_factory` tinyint(3) unsigned NOT NULL DEFAULT '0',
  `nano_factory` tinyint(3) unsigned NOT NULL DEFAULT '0',
  `hangar` tinyint(3) unsigned NOT NULL DEFAULT '0',
  `metal_store` tinyint(3) unsigned NOT NULL DEFAULT '0',
  `crystal_store` tinyint(3) unsigned NOT NULL DEFAULT '0',
  `deuterium_store` tinyint(3) unsigned NOT NULL DEFAULT '0',
  `laboratory` tinyint(3) unsigned NOT NULL DEFAULT '0',
  `terraformer` tinyint(3) unsigned NOT NULL DEFAULT '0',
  `university` tinyint(3) unsigned NOT NULL DEFAULT '0',
  `ally_deposit` tinyint(3) unsigned NOT NULL DEFAULT '0',
  `silo` tinyint(3) unsigned NOT NULL DEFAULT '0',
  `mondbasis` tinyint(3) unsigned NOT NULL DEFAULT '0',
  `phalanx` tinyint(3) unsigned NOT NULL DEFAULT '0',
  `sprungtor` tinyint(3) unsigned NOT NULL DEFAULT '0',
  `small_ship_cargo` bigint(20) unsigned NOT NULL DEFAULT '0',
  `big_ship_cargo` bigint(20) unsigned NOT NULL DEFAULT '0',
  `light_hunter` bigint(20) unsigned NOT NULL DEFAULT '0',
  `heavy_hunter` bigint(20) unsigned NOT NULL DEFAULT '0',
  `crusher` bigint(20) unsigned NOT NULL DEFAULT '0',
  `battle_ship` bigint(20) unsigned NOT NULL DEFAULT '0',
  `colonizer` bigint(20) unsigned NOT NULL DEFAULT '0',
  `recycler` bigint(20) unsigned NOT NULL DEFAULT '0',
  `spy_sonde` bigint(20) unsigned NOT NULL DEFAULT '0',
  `bomber_ship` bigint(20) unsigned NOT NULL DEFAULT '0',
  `solar_satelit` bigint(20) unsigned NOT NULL DEFAULT '0',
  `destructor` bigint(20) unsigned NOT NULL DEFAULT '0',
  `dearth_star` bigint(20) unsigned NOT NULL DEFAULT '0',
  `battleship` bigint(20) unsigned NOT NULL DEFAULT '0',
  `lune_noir` bigint(20) unsigned NOT NULL DEFAULT '0',
  `ev_transporter` bigint(20) unsigned NOT NULL DEFAULT '0',
  `star_crasher` bigint(20) unsigned NOT NULL DEFAULT '0',
  `giga_recykler` bigint(20) unsigned NOT NULL DEFAULT '0',
  `dm_ship` bigint(20) NOT NULL DEFAULT '0',
  `orbital_station` bigint(20) unsigned NOT NULL DEFAULT '0',
  `misil_launcher` bigint(20) unsigned NOT NULL DEFAULT '0',
  `small_laser` bigint(20) unsigned NOT NULL DEFAULT '0',
  `big_laser` bigint(20) unsigned NOT NULL DEFAULT '0',
  `gauss_canyon` bigint(20) unsigned NOT NULL DEFAULT '0',
  `ionic_canyon` bigint(20) unsigned NOT NULL DEFAULT '0',
  `buster_canyon` bigint(20) unsigned NOT NULL DEFAULT '0',
  `small_protection_shield` tinyint(1) unsigned NOT NULL DEFAULT '0',
  `planet_protector` tinyint(1) unsigned NOT NULL DEFAULT '0',
  `big_protection_shield` tinyint(1) unsigned NOT NULL DEFAULT '0',
  `graviton_canyon` bigint(20) unsigned NOT NULL DEFAULT '0',
  `interceptor_misil` bigint(20) unsigned NOT NULL DEFAULT '0',
  `interplanetary_misil` bigint(20) unsigned NOT NULL DEFAULT '0',
  `metal_mine_percent` tinyint(3) unsigned NOT NULL DEFAULT '100',
  `crystal_mine_percent` tinyint(3) unsigned NOT NULL DEFAULT '100',
  `deuterium_sintetizer_percent` tinyint(3) unsigned NOT NULL DEFAULT '100',
  `solar_plant_percent` tinyint(3) unsigned NOT NULL DEFAULT '100',
  `fusion_plant_percent` tinyint(3) unsigned NOT NULL DEFAULT '100',
  `solar_satelit_percent` tinyint(3) unsigned NOT NULL DEFAULT '100',
  `last_jump_time` int(11) NOT NULL DEFAULT '0',
  `der_metal` double(50,0) unsigned NOT NULL DEFAULT '0',
  `der_crystal` double(50,0) unsigned NOT NULL DEFAULT '0',
  `id_luna` int(11) NOT NULL DEFAULT '0',
  PRIMARY KEY (`id`),
  KEY `id_luna` (`id_luna`),
  KEY `id_owner` (`id_owner`),
  KEY `destruyed` (`destruyed`),
  KEY `universe` (`universe`,`galaxy`,`system`,`planet`,`planet_type`)
) ENGINE=MyISAM  DEFAULT CHARSET=utf8;

CREATE TABLE `$PREFIX$raports` (
  `rid` int(11) unsigned NOT NULL AUTO_INCREMENT,
  `raport` text NOT NULL,
  `time` int(11) NOT NULL,
  PRIMARY KEY (`rid`),
  KEY `time` (`time`)
) ENGINE=MyISAM  DEFAULT CHARSET=utf8;

CREATE TABLE `$PREFIX$records` (
  `userID` int(10) unsigned NOT NULL,
  `elementID` smallint(5) unsigned NOT NULL,
  `level` bigint(20) unsigned NOT NULL
) ENGINE=MyISAM DEFAULT CHARSET=utf8;

CREATE TABLE `$PREFIX$session` (
  `sessionID` varchar(32) NOT NULL,
  `userID` int(10) unsigned NOT NULL,
  `userIP` varchar(40) NOT NULL,
  `lastonline` int(11) NOT NULL,
  PRIMARY KEY (`sessionID`,`userID`)
) ENGINE=MEMORY DEFAULT CHARSET=utf8;

CREATE TABLE `$PREFIX$shortcuts` (
  `shortcutID` int(10) unsigned NOT NULL AUTO_INCREMENT,
  `ownerID` int(10) unsigned NOT NULL,
  `name` varchar(32) NOT NULL,
  `galaxy` tinyint(3) unsigned NOT NULL,
  `system` smallint(5) unsigned NOT NULL,
  `planet` tinyint(3) unsigned NOT NULL,
  `type` tinyint(1) unsigned NOT NULL,
  PRIMARY KEY (`shortcutID`),
  KEY `ownerID` (`ownerID`)
) ENGINE=MyISAM  DEFAULT CHARSET=utf8;

CREATE TABLE `$PREFIX$statpoints` (
  `id_owner` int(11) unsigned NOT NULL DEFAULT '0',
  `id_ally` int(11) unsigned NOT NULL DEFAULT '0',
  `stat_type` tinyint(1) unsigned NOT NULL DEFAULT '0',
  `universe` tinyint(3) unsigned NOT NULL DEFAULT '0',
  `tech_rank` int(11) unsigned NOT NULL DEFAULT '0',
  `tech_old_rank` int(11) unsigned NOT NULL DEFAULT '0',
  `tech_points` double(50,0) unsigned NOT NULL DEFAULT '0',
  `tech_count` int(11) unsigned NOT NULL DEFAULT '0',
  `build_rank` int(11) unsigned NOT NULL DEFAULT '0',
  `build_old_rank` int(11) unsigned NOT NULL DEFAULT '0',
  `build_points` double(50,0) unsigned NOT NULL DEFAULT '0',
  `build_count` int(11) unsigned NOT NULL DEFAULT '0',
  `defs_rank` int(11) unsigned NOT NULL DEFAULT '0',
  `defs_old_rank` int(11) unsigned NOT NULL DEFAULT '0',
  `defs_points` double(50,0) unsigned NOT NULL DEFAULT '0',
  `defs_count` int(11) unsigned NOT NULL DEFAULT '0',
  `fleet_rank` int(11) unsigned NOT NULL DEFAULT '0',
  `fleet_old_rank` int(11) unsigned NOT NULL DEFAULT '0',
  `fleet_points` double(50,0) unsigned NOT NULL DEFAULT '0',
  `fleet_count` int(11) unsigned NOT NULL DEFAULT '0',
  `total_rank` int(11) unsigned NOT NULL DEFAULT '0',
  `total_old_rank` int(11) unsigned NOT NULL DEFAULT '0',
  `total_points` double(50,0) unsigned NOT NULL DEFAULT '0',
  `total_count` int(11) unsigned NOT NULL DEFAULT '0',
  KEY `id_owner` (`id_owner`),
  KEY `universe` (`universe`),
  KEY `stat_type` (`stat_type`)
) ENGINE=MyISAM DEFAULT CHARSET=utf8;

CREATE TABLE `$PREFIX$ticket` (
  `ticketID` int(10) unsigned NOT NULL AUTO_INCREMENT,
  `universe` tinyint(3) unsigned NOT NULL,
  `ownerID` int(10) unsigned NOT NULL,
  `categoryID` tinyint(1) unsigned NOT NULL,
  `subject` varchar(32) NOT NULL,
  `status` tinyint(1) unsigned NOT NULL DEFAULT '0',
  `time` int(10) unsigned NOT NULL,
  PRIMARY KEY (`ticketID`),
  KEY `ownerID` (`ownerID`),
  KEY `universe` (`universe`,`status`)
) ENGINE=MyISAM  DEFAULT CHARSET=utf8;

CREATE TABLE `$PREFIX$ticket_answer` (
  `answerID` int(10) unsigned NOT NULL AUTO_INCREMENT,
  `ownerID` int(10) unsigned NOT NULL,
  `ownerName` varchar(32) NOT NULL,
  `ticketID` int(10) unsigned NOT NULL,
  `time` int(10) unsigned NOT NULL,
  `subject` varchar(255) NOT NULL,
  `message` mediumtext NOT NULL,
  PRIMARY KEY (`answerID`)
) ENGINE=MyISAM  DEFAULT CHARSET=utf8;

CREATE TABLE `$PREFIX$ticket_category` (
  `categoryID` int(11) NOT NULL AUTO_INCREMENT,
  `name` varchar(32) NOT NULL,
  PRIMARY KEY (`categoryID`)
) ENGINE=MyISAM  DEFAULT CHARSET=utf8;

CREATE TABLE `$PREFIX$topkb` (
  `rid` int(11) unsigned NOT NULL,
  `units` double(50,0) unsigned NOT NULL,
  `result` varchar(1) NOT NULL,
  `time` int(11) NOT NULL,
  `universe` tinyint(3) unsigned NOT NULL,
  KEY `time` (`universe`,`rid`,`time`)
) ENGINE=MyISAM DEFAULT CHARSET=utf8;

CREATE TABLE `$PREFIX$universe` (
	`universe` int(11) NOT NULL AUTO_INCREMENT,
	`userAmount` int(11) NOT NULL DEFAULT 0,
	`lastCreatePlanetGalaxy` tinyint(3) NOT NULL DEFAULT 1,
	`lastCreatePlanetSystem` smallint(5) NOT NULL DEFAULT 1,
	`lastCreatePlanetPosition` tinyint(3) NOT NULL DEFAULT 2,
	PRIMARY KEY (`universe`)
) ENGINE=MyISAM DEFAULT CHARSET=utf8;

CREATE TABLE `$PREFIX$universe_config` (
	`name` varchar(64) NOT NULL,
	`value` TEXT NULL DEFAULT NULL,
	`universe` int(11) NOT NULL DEFAULT 1,
	KEY `universe` (`universe`, `name`)
) ENGINE=MyISAM DEFAULT CHARSET=utf8;

CREATE TABLE `$PREFIX$users` (
  `id` int(11) unsigned NOT NULL AUTO_INCREMENT,
  `username` varchar(32) NOT NULL DEFAULT '',
  `password` varchar(60) NOT NULL DEFAULT '',
  `email` varchar(64) NOT NULL DEFAULT '',
  `email_2` varchar(64) NOT NULL DEFAULT '',
  `lang` varchar(2) NOT NULL DEFAULT 'de',
  `authattack` tinyint(1) NOT NULL DEFAULT '0',
  `authlevel` tinyint(1) NOT NULL DEFAULT '0',
  `rights` text NULL DEFAULT NULL,
  `id_planet` int(11) unsigned NOT NULL DEFAULT '0',
  `universe` tinyint(3) unsigned NOT NULL,
  `galaxy` tinyint(3) unsigned NOT NULL DEFAULT '0',
  `system` smallint(5) unsigned NOT NULL DEFAULT '0',
  `planet` tinyint(3) unsigned NOT NULL DEFAULT '0',
  `darkmatter` double(50,0) NOT NULL DEFAULT '0',
  `user_lastip` varchar(40) NOT NULL DEFAULT '',
  `ip_at_reg` varchar(40) NOT NULL DEFAULT '',
  `register_time` int(11) NOT NULL DEFAULT '0',
  `onlinetime` int(11) NOT NULL DEFAULT '0',
  `dpath` varchar(20) NOT NULL DEFAULT 'gow',
  `timezone` varchar(32) NOT NULL DEFAULT 'Europe/London',
  `planet_sort` tinyint(1) NOT NULL DEFAULT '0',
  `planet_sort_order` tinyint(1) NOT NULL DEFAULT '0',
  `spio_anz` tinyint(2) NOT NULL DEFAULT '1',
  `settings_fleetactions` tinyint(2) unsigned NOT NULL DEFAULT '3',
  `settings_esp` tinyint(1) NOT NULL DEFAULT '1',
  `settings_wri` tinyint(1) NOT NULL DEFAULT '1',
  `settings_bud` tinyint(1) NOT NULL DEFAULT '1',
  `settings_mis` tinyint(1) NOT NULL DEFAULT '1',
  `urlaubs_modus` tinyint(1) NOT NULL DEFAULT '0',
  `urlaubs_until` int(11) NOT NULL DEFAULT '0',
  `db_deaktjava` int(11) NOT NULL DEFAULT '0',
  `b_tech_planet` int(11) unsigned NOT NULL DEFAULT '0',
  `b_tech` int(11) unsigned NOT NULL DEFAULT '0',
  `b_tech_id` smallint(2) unsigned NOT NULL DEFAULT '0',
  `b_tech_queue` text NULL DEFAULT NULL,
  `spy_tech` tinyint(3) unsigned NOT NULL DEFAULT '0',
  `computer_tech` tinyint(3) unsigned NOT NULL DEFAULT '0',
  `military_tech` tinyint(3) unsigned NOT NULL DEFAULT '0',
  `defence_tech` tinyint(3) unsigned NOT NULL DEFAULT '0',
  `shield_tech` tinyint(3) unsigned NOT NULL DEFAULT '0',
  `energy_tech` tinyint(3) unsigned NOT NULL DEFAULT '0',
  `hyperspace_tech` tinyint(3) unsigned NOT NULL DEFAULT '0',
  `combustion_tech` tinyint(3) unsigned NOT NULL DEFAULT '0',
  `impulse_motor_tech` tinyint(3) unsigned NOT NULL DEFAULT '0',
  `hyperspace_motor_tech` tinyint(3) unsigned NOT NULL DEFAULT '0',
  `laser_tech` tinyint(3) unsigned NOT NULL DEFAULT '0',
  `ionic_tech` tinyint(3) unsigned NOT NULL DEFAULT '0',
  `buster_tech` tinyint(3) unsigned NOT NULL DEFAULT '0',
  `intergalactic_tech` tinyint(3) unsigned NOT NULL DEFAULT '0',
  `expedition_tech` tinyint(3) unsigned NOT NULL DEFAULT '0',
  `metal_proc_tech` tinyint(3) unsigned NOT NULL DEFAULT '0',
  `crystal_proc_tech` tinyint(3) unsigned NOT NULL DEFAULT '0',
  `deuterium_proc_tech` tinyint(3) unsigned NOT NULL DEFAULT '0',
  `graviton_tech` tinyint(3) unsigned NOT NULL DEFAULT '0',
  `ally_id` int(11) unsigned NOT NULL DEFAULT '0',
  `ally_register_time` int(11) NOT NULL DEFAULT '0',
  `ally_rank_id` tinyint(3) unsigned NOT NULL DEFAULT '0',
  `rpg_geologue` tinyint(3) unsigned NOT NULL DEFAULT '0',
  `rpg_amiral` tinyint(3) unsigned NOT NULL DEFAULT '0',
  `rpg_ingenieur` tinyint(3) unsigned NOT NULL DEFAULT '0',
  `rpg_technocrate` tinyint(3) unsigned NOT NULL DEFAULT '0',
  `rpg_espion` tinyint(3) unsigned NOT NULL DEFAULT '0',
  `rpg_constructeur` tinyint(3) unsigned NOT NULL DEFAULT '0',
  `rpg_scientifique` tinyint(3) unsigned NOT NULL DEFAULT '0',
  `rpg_commandant` tinyint(3) unsigned NOT NULL DEFAULT '0',
  `rpg_stockeur` tinyint(3) unsigned NOT NULL DEFAULT '0',
  `rpg_defenseur` tinyint(3) unsigned NOT NULL DEFAULT '0',
  `rpg_destructeur` tinyint(3) unsigned NOT NULL DEFAULT '0',
  `rpg_general` tinyint(3) unsigned NOT NULL DEFAULT '0',
  `rpg_bunker` tinyint(3) unsigned NOT NULL DEFAULT '0',
  `rpg_raideur` tinyint(3) unsigned NOT NULL DEFAULT '0',
  `rpg_empereur` tinyint(3) unsigned NOT NULL DEFAULT '0',
  `bana` tinyint(1) NOT NULL DEFAULT '0',
  `banaday` int(11) NOT NULL DEFAULT '0',
  `hof` tinyint(1) NOT NULL DEFAULT '1',
  `wons` int(11) unsigned NOT NULL DEFAULT '0',
  `loos` int(11) unsigned NOT NULL DEFAULT '0',
  `draws` int(11) unsigned NOT NULL DEFAULT '0',
  `kbmetal` double(50,0) unsigned NOT NULL DEFAULT '0',
  `kbcrystal` double(50,0) unsigned NOT NULL DEFAULT '0',
  `lostunits` double(50,0) unsigned NOT NULL DEFAULT '0',
  `desunits` double(50,0) unsigned NOT NULL DEFAULT '0',
  `uctime` int(11) NOT NULL DEFAULT '0',
  `setmail` int(11) NOT NULL DEFAULT '0',
  `dm_attack` int(11) NOT NULL DEFAULT '0',
  `dm_defensive` int(11) NOT NULL DEFAULT '0',
  `dm_buildtime` int(11) NOT NULL DEFAULT '0',
  `dm_researchtime` int(11) NOT NULL DEFAULT '0',
  `dm_resource` int(11) NOT NULL DEFAULT '0',
  `dm_energie` int(11) NOT NULL DEFAULT '0',
  `dm_fleettime` int(11) NOT NULL DEFAULT '0',
  `ref_id` int(11) NOT NULL DEFAULT '0',
  `ref_bonus` tinyint(1) unsigned NOT NULL DEFAULT '0',
  PRIMARY KEY (`id`),
  KEY `authlevel` (`authlevel`),
  KEY `ref_bonus` (`ref_bonus`),
  KEY `universe` (`universe`,`username`,`password`,`onlinetime`,`authlevel`),
  KEY `ally_id` (`ally_id`)
) ENGINE=MyISAM  DEFAULT CHARSET=utf8;

CREATE TABLE `$PREFIX$users_to_acs` (
  `userID` int(10) unsigned NOT NULL,
  `acsID` int(10) unsigned NOT NULL,
  KEY `userID` (`userID`),
  KEY `acsID` (`acsID`)
) ENGINE=MyISAM DEFAULT CHARSET=utf8;

CREATE TABLE `$PREFIX$users_to_extauth` (
  `id` int(11) NOT NULL,
  `account` varchar(64) NOT NULL,
  `mode` varchar(32) NOT NULL,
  PRIMARY KEY (`id`),
  KEY `id` (`id`),
  KEY `account` (`account`,`mode`)
) ENGINE=MyISAM DEFAULT CHARSET=utf8;

CREATE TABLE `$PREFIX$users_to_topkb` (
  `rid` int(11) NOT NULL,
  `uid` int(11) NOT NULL,
  `role` tinyint(1) NOT NULL,
  KEY `rid` (`rid`,`role`)
) ENGINE=MyISAM DEFAULT CHARSET=utf8;

CREATE TABLE `$PREFIX$users_valid` (
  `id` int(11) unsigned NOT NULL AUTO_INCREMENT,
  `username` varchar(64) NOT NULL DEFAULT '',
  `cle` varchar(30) NOT NULL,
  `password` varchar(64) NOT NULL DEFAULT '',
  `email` varchar(64) NOT NULL DEFAULT '',
  `date` int(11) NOT NULL DEFAULT '0',
  `planet` varchar(64) NOT NULL,
  `ip` varchar(40) NOT NULL,
  `lang` varchar(2) NOT NULL,
  `universe` tinyint(3) unsigned NOT NULL,
  `ref_id` int(11) NOT NULL DEFAULT '0',
  PRIMARY KEY (`id`),
  UNIQUE KEY `cle` (`cle`)
) ENGINE=MyISAM  DEFAULT CHARSET=utf8;

CREATE TABLE `$PREFIX$vars` (
  `elementID` smallint(5) unsigned NOT NULL,
  `name` varchar(32) NOT NULL,
  `class` int(11) NOT NULL,
  `factor` float(4,2) NOT NULL DEFAULT '1.00',
  `maxLevel` int(11) DEFAULT NULL,
  `cost901` int(10) unsigned NOT NULL DEFAULT '0',
  `cost902` int(10) unsigned NOT NULL DEFAULT '0',
  `cost903` int(10) unsigned NOT NULL DEFAULT '0',
  `cost911` int(10) unsigned NOT NULL DEFAULT '0',
  `cost921` int(10) unsigned NOT NULL DEFAULT '0',
  `consumption1` int(10) unsigned DEFAULT NULL,
  `consumption2` int(10) unsigned DEFAULT NULL,
  `speedTech` int(10) unsigned DEFAULT NULL,
  `speed1` int(10) unsigned DEFAULT NULL,
  `speed2` int(10) unsigned DEFAULT NULL,
  `capacity` int(10) unsigned DEFAULT NULL,
  `attack` int(10) unsigned DEFAULT NULL,
  `defend` int(10) unsigned DEFAULT NULL,
  `timeBonus` int(10) unsigned DEFAULT NULL,
  `bonusAttack` float(4,2) NOT NULL DEFAULT '0.00',
  `bonusDefensive` float(4,2) NOT NULL DEFAULT '0.00',
  `bonusShield` float(4,2) NOT NULL DEFAULT '0.00',
  `bonusBuildTime` float(4,2) NOT NULL DEFAULT '0.00',
  `bonusResearchTime` float(4,2) NOT NULL DEFAULT '0.00',
  `bonusShipTime` float(4,2) NOT NULL DEFAULT '0.00',
  `bonusDefensiveTime` float(4,2) NOT NULL DEFAULT '0.00',
  `bonusResource` float(4,2) NOT NULL DEFAULT '0.00',
  `bonusEnergy` float(4,2) NOT NULL DEFAULT '0.00',
  `bonusResourceStorage` float(4,2) NOT NULL DEFAULT '0.00',
  `bonusShipStorage` float(4,2) NOT NULL DEFAULT '0.00',
  `bonusFlyTime` float(4,2) NOT NULL DEFAULT '0.00',
  `bonusFleetSlots` float(4,2) NOT NULL DEFAULT '0.00',
  `bonusPlanets` float(4,2) NOT NULL DEFAULT '0.00',
  `bonusResourceID901` float(4,2) NOT NULL DEFAULT '0.00',
  `bonusResourceID902` float(4,2) NOT NULL DEFAULT '0.00',
  `bonusResourceID903` float(4,2) NOT NULL DEFAULT '0.00',
  `bonusResourceID911` float(4,2) NOT NULL DEFAULT '0.00',
  `bonusResourceID921` float(4,2) NOT NULL DEFAULT '0.00',
  `production901` varchar(255) DEFAULT NULL,
  `production902` varchar(255) DEFAULT NULL,
  `production903` varchar(255) DEFAULT NULL,
  `production911` varchar(255) DEFAULT NULL,
  `production921` varchar(255) DEFAULT NULL,
  `storage901` varchar(255) DEFAULT NULL,
  `storage902` varchar(255) DEFAULT NULL,
  `storage903` varchar(255) DEFAULT NULL,
  PRIMARY KEY (`elementID`),
  KEY `class` (`class`)
) ENGINE=MyISAM DEFAULT CHARSET=utf8;

CREATE TABLE `$PREFIX$vars_rapidfire` (
  `elementID` int(11) NOT NULL,
  `rapidfireID` int(11) NOT NULL,
  `shoots` int(11) NOT NULL,
  KEY `elementID` (`elementID`),
  KEY `rapidfireID` (`rapidfireID`)
) ENGINE=MyISAM DEFAULT CHARSET=utf8;

CREATE TABLE `$PREFIX$vars_requriements` (
  `elementID` int(11) NOT NULL,
  `requireID` int(11) NOT NULL,
  `requireLevel` int(11) NOT NULL,
  KEY `elementID` (`elementID`),
  KEY `requireID` (`requireID`)
) ENGINE=MyISAM DEFAULT CHARSET=utf8;

INSERT INTO `$PREFIX$config` VALUES
('version', NULL),
('gameName', '2Moons'),
('boardAddress', '/'),
('adminProtection', '0'),
('language', NULL),
('teamspeakEnable', '0'),
('teamspeakServerAdress', '0.0.0.0'),
('teamspeakUDPPort', '0'),
('teamspeakServerQueryPort', '0'),
('teamspeakServerQueryUser', 'superadmin'),
('teamspeakServerQueryPassword', 'password'),
('recaptchaEnable', '0'),
('recaptchaPublicKey', ''),
('recaptchaPrivateKey', ''),
('mailEnable', '0'),
('mailMethod', '0'),
('mailSmtpAdress', ''),
('mailSmtpPort', '0'),
('mailSmtpUser', ''),
('mailSmtpPass', ''),
('mailSmtpSecure', ''),
('mailSenderMail', ''),
('userVertification', '0'),
('facebookEnable', '0'),
('facebookAPIKey', ''),
('facebookSecureKey', ''),
('analyticsEnable', '0'),
('analyticsUID', ''),
('chatEnable', '1'),
('chatAllowOwnChannel', '1'),
('chatAllowPrivateMessage', '1'),
('chatAllowDeleteOwnMessage', '1'),
('chatEnableLog', '1'),
('chatAllowNameChange', '1'),
('chatBotName', '2Moons'),
('chatChannelName', '2Moons'),
('bannerFontFile', 'styles/fonts/DroidSansMono.ttf'),
('referralEnable', '0'),
('referralBonus', '1000'),
('referralMinimumPoints', '2000'),
('referralLimit', '5'),
('deleteOldData', '3'),
('deleteMarkedUser', '7'),
('deleteInactiveUser', '30'),
('deleteFleetLogs', '3'),
('inactiveMailAfterDays', '21'),
('inactiveMailEnable', '0'),
('disclamerAddress', ''),
('disclamerPhone', ''),
('disclamerMail', ''),
('timezone', ''),
('enableSimulatorLink', '1'),
('userAllowOneNameChangeInHour', '24'),
('userInactiveSinceDays', '7'),
('userInactiveLongSinceDays', '21'),
('userMinVacationTime', '3'),
('userMaxVacationTime', '30');

INSERT INTO `$PREFIX$module` VALUES
(1, 1),
(2, 1),
(3, 1),
(4, 1),
(5, 1),
(6, 1),
(7, 1),
(8, 1),
(9, 1),
(10, 1),
(11, 1),
(12, 1),
(13, 1),
(14, 1),
(15, 1),
(16, 1),
(17, 1),
(18, 1),
(19, 1),
(20, 1),
(21, 1),
(22, 1),
(23, 1),
(24, 1),
(25, 1),
(26, 1),
(27, 1),
(28, 1),
(29, 1),
(30, 1),
(31, 1),
(32, 1),
(33, 1),
(34, 1),
(35, 1),
(36, 1),
(37, 1),
(38, 1),
(39, 1),
(40, 1),
(41, 1),
(42, 1),
(43, 1);

INSERT INTO `$PREFIX$ticket_category` (`categoryID`, `name`) VALUES
(1, 'Support');

INSERT INTO `$PREFIX$universe` (`universe`) VALUES 
(1);

INSERT INTO `$PREFIX$universe_config` (`name`, `value`)  VALUES
('uniName', ''),
('gameSpeed', '1'),
('fleetSpeed', '1'),
('ecoSpeed', '1'),
('expeditionSpeed', '1'),
('storageFactor', '1'),
('rocketStorageFactor', '1'),
('fleetToDebris', '30'),
('defenseToDebris', '30'),
('planetColonizeSizeFactor', '1'),
('planetFieldsMainPlanet', '163'),
('planetMoonSizeFactor', '1'),
('planetMoonCreateChanceFactor', '1'),
('planetMoonCreateMaxFactor', '1'),
('planetHoldDebrisOnMoonCreate', '0'),
('enable', '1'),
('enableReason', ''),
('enableRegistration', '1'),
('noobProtectionEnable', '0'),
('noobProtectionAllowStrong', '0'),
('noobProtectionToPoints', '0'),
('noobProtectionRange', '0'),
('highscoreAdminEnable', '0'),
('highscoreAdminFromLevel', '2'),
('highscoreBannedEnable', '2'),
('highscorePointsPerResource', '1000'),
('newsEnable', '1'),
('newsText', ''),
('buildMinBuildTime', '1'),
('traderFleetData', 'a:0:{}'),
('traderFleetCharge', '30'),
('traderResourceCost', '5000'),
('traderResourceCharge', '0'),
('listMaxBuilds', '5'),
('listMaxResearch', '2'),
('listMaxShipyard', '10'),
('listMaxUnits', '1000000'),
('userMinPlanets', '9'),
('userMaxPlanets', '0'),
('galaxyNavigationDeuterium', '10'),
('fleetLimitDMMissions', '1'),
('fleetMaxUsersPerACS', '16'),
('ecoResourceOverflow', '1.0'),
('planetMaxGalaxy', '9'),
('planetMaxSystem', '400'),
('planetMaxPosition', '15'),
('planetJumpWaitTime', '60'),
('planetResource901BasicIncome', '20'),
('planetResource902BasicIncome', '10'),
('planetResource903BasicIncome', '0'),
('planetResource911BasicIncome', '0'),
('planetResource921BasicIncome', '0'),
('planetResource901Start', '500'),
('planetResource902Start', '500'),
('planetResource903Start', '0'),
('planetResource911Start', '0'),
('planetResource921Start', '0'),
('planetAddFieldsByMoonBase', '3'),
('planetAddFieldsByTerraFormer', '3'),
('attackBashEnable', '0'),
('attackBashAllowAttack', '3'),
('attackBashInTime', '1'),
('attackMaxRounds', '6'),
('attackAllowAdmin', '0'),
('phalanxCost', '5000'),
('shipyardCancelCharge', '40');

INSERT INTO `$PREFIX$vars` (`elementID`, `name`, `class`, `factor`, `maxLevel`, `cost901`, `cost902`, `cost903`, `cost911`, `cost921`, `consumption1`, `consumption2`, `speedTech`, `speed1`, `speed2`, `capacity`, `attack`, `defend`, `timeBonus`, `bonusAttack`, `bonusDefensive`, `bonusShield`, `bonusBuildTime`, `bonusResearchTime`, `bonusShipTime`, `bonusDefensiveTime`, `bonusResource`, `bonusEnergy`, `bonusResourceStorage`, `bonusShipStorage`, `bonusFlyTime`, `bonusFleetSlots`, `bonusPlanets`, `bonusResourceID901`, `bonusResourceID902`, `bonusResourceID903`, `bonusResourceID911`, `bonusResourceID921`, `production901`, `production902`, `production903`, `production911`, `production921`, `storage901`, `storage902`, `storage903`) VALUES
(1, 'metal_mine', 1114113, 1.50, 255, 60, 15, 0, 0, 0, NULL, NULL, NULL, NULL, NULL, NULL, NULL, NULL, NULL, 0.00, 0.00, 0.00, 0.00, 0.00, 0.00, 0.00, 0.00, 0.00, 0.00, 0.00, 0.00, 0.00, 0.00, 0.00, 0.00, 0.00, 0.00, 0.00, '(30 * $BuildLevel * pow((1.1), $BuildLevel))', NULL, NULL, '-(10 * $BuildLevel * pow((1.1), $BuildLevel))', NULL, NULL, NULL, NULL),
(2, 'crystal_mine', 1114113, 1.50, 255, 48, 24, 0, 0, 0, NULL, NULL, NULL, NULL, NULL, NULL, NULL, NULL, NULL, 0.00, 0.00, 0.00, 0.00, 0.00, 0.00, 0.00, 0.00, 0.00, 0.00, 0.00, 0.00, 0.00, 0.00, 0.00, 0.00, 0.00, 0.00, 0.00, NULL, '(20 * $BuildLevel * pow((1.1), $BuildLevel))', NULL, '-(10 * $BuildLevel * pow((1.1), $BuildLevel))', NULL, NULL, NULL, NULL),
(3, 'deuterium_sintetizer', 1114113, 1.50, 255, 225, 75, 0, 0, 0, NULL, NULL, NULL, NULL, NULL, NULL, NULL, NULL, NULL, 0.00, 0.00, 0.00, 0.00, 0.00, 0.00, 0.00, 0.00, 0.00, 0.00, 0.00, 0.00, 0.00, 0.00, 0.00, 0.00, 0.00, 0.00, 0.00, NULL, NULL, '(10 * $BuildLevel * pow((1.1), $BuildLevel) * (-0.002 * $BuildTemp + 1.28))', '- (30 * $BuildLevel * pow((1.1), $BuildLevel))', NULL, NULL, NULL, NULL),
(4, 'solar_plant', 1114113, 1.50, 255, 75, 30, 0, 0, 0, NULL, NULL, NULL, NULL, NULL, NULL, NULL, NULL, NULL, 0.00, 0.00, 0.00, 0.00, 0.00, 0.00, 0.00, 0.00, 0.00, 0.00, 0.00, 0.00, 0.00, 0.00, 0.00, 0.00, 0.00, 0.00, 0.00, NULL, NULL, NULL, '(20 * $BuildLevel * pow((1.1), $BuildLevel))', NULL, NULL, NULL, NULL),
(6, 'university', 1048577, 2.00, 255, 100000000, 50000000, 25000000, 0, 0, NULL, NULL, NULL, NULL, NULL, NULL, NULL, NULL, NULL, 0.00, 0.00, 0.00, 0.00, 0.00, 0.00, 0.00, 0.00, 0.00, 0.00, 0.00, 0.00, 0.00, 0.00, 0.00, 0.00, 0.00, 0.00, 0.00, NULL, NULL, NULL, NULL, NULL, NULL, NULL, NULL),
(12, 'fusion_plant', 1114113, 2.00, 255, 900, 360, 180, 0, 0, NULL, NULL, NULL, NULL, NULL, NULL, NULL, NULL, NULL, 0.00, 0.00, 0.00, 0.00, 0.00, 0.00, 0.00, 0.00, 0.00, 0.00, 0.00, 0.00, 0.00, 0.00, 0.00, 0.00, 0.00, 0.00, 0.00, NULL, NULL, '- (10 * $BuildLevel * pow(1.1, $BuildLevel))', '(30 * $BuildLevel * pow((1.05 + $BuildEnergy * 0.01), $BuildLevel))', NULL, NULL, NULL, NULL),
(14, 'robot_factory', 3145729, 2.00, 255, 400, 120, 200, 0, 0, NULL, NULL, NULL, NULL, NULL, NULL, NULL, NULL, NULL, 0.00, 0.00, 0.00, 0.00, 0.00, 0.00, 0.00, 0.00, 0.00, 0.00, 0.00, 0.00, 0.00, 0.00, 0.00, 0.00, 0.00, 0.00, 0.00, NULL, NULL, NULL, NULL, NULL, NULL, NULL, NULL),
(15, 'nano_factory', 1048577, 2.00, 255, 1000000, 500000, 100000, 0, 0, NULL, NULL, NULL, NULL, NULL, NULL, NULL, NULL, NULL, 0.00, 0.00, 0.00, 0.00, 0.00, 0.00, 0.00, 0.00, 0.00, 0.00, 0.00, 0.00, 0.00, 0.00, 0.00, 0.00, 0.00, 0.00, 0.00, NULL, NULL, NULL, NULL, NULL, NULL, NULL, NULL),
(21, 'hangar', 3145729, 2.00, 255, 400, 200, 100, 0, 0, NULL, NULL, NULL, NULL, NULL, NULL, NULL, NULL, NULL, 0.00, 0.00, 0.00, 0.00, 0.00, 0.00, 0.00, 0.00, 0.00, 0.00, 0.00, 0.00, 0.00, 0.00, 0.00, 0.00, 0.00, 0.00, 0.00, NULL, NULL, NULL, NULL, NULL, NULL, NULL, NULL),
(22, 'metal_store', 3276801, 2.00, 255, 2000, 0, 0, 0, 0, NULL, NULL, NULL, NULL, NULL, NULL, NULL, NULL, NULL, 0.00, 0.00, 0.00, 0.00, 0.00, 0.00, 0.00, 0.00, 0.00, 0.00, 0.00, 0.00, 0.00, 0.00, 0.00, 0.00, 0.00, 0.00, 0.00, NULL, NULL, NULL, NULL, NULL, 'floor(2.5 * pow(1.8331954764, $BuildLevel)) * 5000', NULL, NULL),
(23, 'crystal_store', 3276801, 2.00, 255, 2000, 1000, 0, 0, 0, NULL, NULL, NULL, NULL, NULL, NULL, NULL, NULL, NULL, 0.00, 0.00, 0.00, 0.00, 0.00, 0.00, 0.00, 0.00, 0.00, 0.00, 0.00, 0.00, 0.00, 0.00, 0.00, 0.00, 0.00, 0.00, 0.00, NULL, NULL, NULL, NULL, NULL, NULL, 'floor(2.5 * pow(1.8331954764, $BuildLevel)) * 5000', NULL),
(24, 'deuterium_store', 3276801, 2.00, 255, 2000, 2000, 0, 0, 0, NULL, NULL, NULL, NULL, NULL, NULL, NULL, NULL, NULL, 0.00, 0.00, 0.00, 0.00, 0.00, 0.00, 0.00, 0.00, 0.00, 0.00, 0.00, 0.00, 0.00, 0.00, 0.00, 0.00, 0.00, 0.00, 0.00, NULL, NULL, NULL, NULL, NULL, NULL, NULL, 'floor(2.5 * pow(1.8331954764, $BuildLevel)) * 5000'),
(31, 'laboratory', 1048577, 2.00, 255, 200, 400, 200, 0, 0, NULL, NULL, NULL, NULL, NULL, NULL, NULL, NULL, NULL, 0.00, 0.00, 0.00, 0.00, 0.00, 0.00, 0.00, 0.00, 0.00, 0.00, 0.00, 0.00, 0.00, 0.00, 0.00, 0.00, 0.00, 0.00, 0.00, NULL, NULL, NULL, NULL, NULL, NULL, NULL, NULL),
(33, 'terraformer', 1048577, 2.00, 255, 0, 50000, 100000, 1000, 0, NULL, NULL, NULL, NULL, NULL, NULL, NULL, NULL, NULL, 0.00, 0.00, 0.00, 0.00, 0.00, 0.00, 0.00, 0.00, 0.00, 0.00, 0.00, 0.00, 0.00, 0.00, 0.00, 0.00, 0.00, 0.00, 0.00, NULL, NULL, NULL, NULL, NULL, NULL, NULL, NULL),
(34, 'ally_deposit', 1048577, 2.00, 255, 20000, 40000, 0, 0, 0, NULL, NULL, NULL, NULL, NULL, NULL, NULL, NULL, NULL, 0.00, 0.00, 0.00, 0.00, 0.00, 0.00, 0.00, 0.00, 0.00, 0.00, 0.00, 0.00, 0.00, 0.00, 0.00, 0.00, 0.00, 0.00, 0.00, NULL, NULL, NULL, NULL, NULL, NULL, NULL, NULL),
(41, 'mondbasis', 2097153, 2.00, 255, 20000, 40000, 20000, 0, 0, NULL, NULL, NULL, NULL, NULL, NULL, NULL, NULL, NULL, 0.00, 0.00, 0.00, 0.00, 0.00, 0.00, 0.00, 0.00, 0.00, 0.00, 0.00, 0.00, 0.00, 0.00, 0.00, 0.00, 0.00, 0.00, 0.00, NULL, NULL, NULL, NULL, NULL, NULL, NULL, NULL),
(42, 'phalanx', 2097153, 2.00, 255, 20000, 40000, 20000, 0, 0, NULL, NULL, NULL, NULL, NULL, NULL, NULL, NULL, NULL, 0.00, 0.00, 0.00, 0.00, 0.00, 0.00, 0.00, 0.00, 0.00, 0.00, 0.00, 0.00, 0.00, 0.00, 0.00, 0.00, 0.00, 0.00, 0.00, NULL, NULL, NULL, NULL, NULL, NULL, NULL, NULL),
(43, 'sprungtor', 2097153, 2.00, 255, 2000000, 4000000, 2000000, 0, 0, NULL, NULL, NULL, NULL, NULL, NULL, NULL, NULL, NULL, 0.00, 0.00, 0.00, 0.00, 0.00, 0.00, 0.00, 0.00, 0.00, 0.00, 0.00, 0.00, 0.00, 0.00, 0.00, 0.00, 0.00, 0.00, 0.00, NULL, NULL, NULL, NULL, NULL, NULL, NULL, NULL),
(44, 'silo', 1048577, 2.00, 255, 20000, 20000, 1000, 0, 0, NULL, NULL, NULL, NULL, NULL, NULL, NULL, NULL, NULL, 0.00, 0.00, 0.00, 0.00, 0.00, 0.00, 0.00, 0.00, 0.00, 0.00, 0.00, 0.00, 0.00, 0.00, 0.00, 0.00, 0.00, 0.00, 0.00, NULL, NULL, NULL, NULL, NULL, NULL, NULL, NULL),
(106, 'spy_tech', 2, 2.00, 255, 200, 1000, 200, 0, 0, NULL, NULL, NULL, NULL, NULL, NULL, NULL, NULL, NULL, 0.00, 0.00, 0.00, 0.00, 0.00, 0.00, 0.00, 0.00, 0.00, 0.00, 0.00, 0.00, 0.00, 0.00, 0.00, 0.00, 0.00, 0.00, 0.00, NULL, NULL, NULL, NULL, NULL, NULL, NULL, NULL),
(108, 'computer_tech', 2, 2.00, 255, 0, 400, 600, 0, 0, NULL, NULL, NULL, NULL, NULL, NULL, NULL, NULL, NULL, 0.00, 0.00, 0.00, 0.00, 0.00, 0.00, 0.00, 0.00, 0.00, 0.00, 0.00, 0.00, 0.00, 0.00, 0.00, 0.00, 0.00, 0.00, 0.00, NULL, NULL, NULL, NULL, NULL, NULL, NULL, NULL),
(109, 'military_tech', 2, 2.00, 255, 800, 200, 0, 0, 0, NULL, NULL, NULL, NULL, NULL, NULL, NULL, NULL, NULL, 0.00, 0.00, 0.00, 0.00, 0.00, 0.00, 0.00, 0.00, 0.00, 0.00, 0.00, 0.00, 0.00, 0.00, 0.00, 0.00, 0.00, 0.00, 0.00, NULL, NULL, NULL, NULL, NULL, NULL, NULL, NULL),
(110, 'defence_tech', 2, 2.00, 255, 200, 600, 0, 0, 0, NULL, NULL, NULL, NULL, NULL, NULL, NULL, NULL, NULL, 0.00, 0.00, 0.00, 0.00, 0.00, 0.00, 0.00, 0.00, 0.00, 0.00, 0.00, 0.00, 0.00, 0.00, 0.00, 0.00, 0.00, 0.00, 0.00, NULL, NULL, NULL, NULL, NULL, NULL, NULL, NULL),
(111, 'shield_tech', 2, 2.00, 255, 1000, 0, 0, 0, 0, NULL, NULL, NULL, NULL, NULL, NULL, NULL, NULL, NULL, 0.00, 0.00, 0.00, 0.00, 0.00, 0.00, 0.00, 0.00, 0.00, 0.00, 0.00, 0.00, 0.00, 0.00, 0.00, 0.00, 0.00, 0.00, 0.00, NULL, NULL, NULL, NULL, NULL, NULL, NULL, NULL),
(113, 'energy_tech', 2, 2.00, 255, 0, 800, 400, 0, 0, NULL, NULL, NULL, NULL, NULL, NULL, NULL, NULL, NULL, 0.00, 0.00, 0.00, 0.00, 0.00, 0.00, 0.00, 0.00, 0.00, 0.00, 0.00, 0.00, 0.00, 0.00, 0.00, 0.00, 0.00, 0.00, 0.00, NULL, NULL, NULL, NULL, NULL, NULL, NULL, NULL),
(114, 'hyperspace_tech', 2, 2.00, 255, 0, 4000, 2000, 0, 0, NULL, NULL, NULL, NULL, NULL, NULL, NULL, NULL, NULL, 0.00, 0.00, 0.00, 0.00, 0.00, 0.00, 0.00, 0.00, 0.00, 0.00, 0.00, 0.00, 0.00, 0.00, 0.00, 0.00, 0.00, 0.00, 0.00, NULL, NULL, NULL, NULL, NULL, NULL, NULL, NULL),
(115, 'combustion_tech', 2, 2.00, 255, 400, 0, 600, 0, 0, NULL, NULL, NULL, NULL, NULL, NULL, NULL, NULL, NULL, 0.00, 0.00, 0.00, 0.00, 0.00, 0.00, 0.00, 0.00, 0.00, 0.00, 0.00, 0.00, 0.00, 0.00, 0.00, 0.00, 0.00, 0.00, 0.00, NULL, NULL, NULL, NULL, NULL, NULL, NULL, NULL),
(117, 'impulse_motor_tech', 2, 2.00, 255, 2000, 4000, 600, 0, 0, NULL, NULL, NULL, NULL, NULL, NULL, NULL, NULL, NULL, 0.00, 0.00, 0.00, 0.00, 0.00, 0.00, 0.00, 0.00, 0.00, 0.00, 0.00, 0.00, 0.00, 0.00, 0.00, 0.00, 0.00, 0.00, 0.00, NULL, NULL, NULL, NULL, NULL, NULL, NULL, NULL),
(118, 'hyperspace_motor_tech', 2, 2.00, 255, 10000, 20000, 6000, 0, 0, NULL, NULL, NULL, NULL, NULL, NULL, NULL, NULL, NULL, 0.00, 0.00, 0.00, 0.00, 0.00, 0.00, 0.00, 0.00, 0.00, 0.00, 0.00, 0.00, 0.00, 0.00, 0.00, 0.00, 0.00, 0.00, 0.00, NULL, NULL, NULL, NULL, NULL, NULL, NULL, NULL),
(120, 'laser_tech', 2, 2.00, 255, 200, 100, 0, 0, 0, NULL, NULL, NULL, NULL, NULL, NULL, NULL, NULL, NULL, 0.00, 0.00, 0.00, 0.00, 0.00, 0.00, 0.00, 0.00, 0.00, 0.00, 0.00, 0.00, 0.00, 0.00, 0.00, 0.00, 0.00, 0.00, 0.00, NULL, NULL, NULL, NULL, NULL, NULL, NULL, NULL),
(121, 'ionic_tech', 2, 2.00, 255, 1000, 300, 100, 0, 0, NULL, NULL, NULL, NULL, NULL, NULL, NULL, NULL, NULL, 0.00, 0.00, 0.00, 0.00, 0.00, 0.00, 0.00, 0.00, 0.00, 0.00, 0.00, 0.00, 0.00, 0.00, 0.00, 0.00, 0.00, 0.00, 0.00, NULL, NULL, NULL, NULL, NULL, NULL, NULL, NULL),
(122, 'buster_tech', 2, 2.00, 255, 2000, 4000, 1000, 0, 0, NULL, NULL, NULL, NULL, NULL, NULL, NULL, NULL, NULL, 0.00, 0.00, 0.00, 0.00, 0.00, 0.00, 0.00, 0.00, 0.00, 0.00, 0.00, 0.00, 0.00, 0.00, 0.00, 0.00, 0.00, 0.00, 0.00, NULL, NULL, NULL, NULL, NULL, NULL, NULL, NULL),
(123, 'intergalactic_tech', 2, 2.00, 255, 240000, 400000, 160000, 0, 0, NULL, NULL, NULL, NULL, NULL, NULL, NULL, NULL, NULL, 0.00, 0.00, 0.00, 0.00, 0.00, 0.00, 0.00, 0.00, 0.00, 0.00, 0.00, 0.00, 0.00, 0.00, 0.00, 0.00, 0.00, 0.00, 0.00, NULL, NULL, NULL, NULL, NULL, NULL, NULL, NULL),
(124, 'expedition_tech', 2, 1.75, 255, 4000, 8000, 4000, 0, 0, NULL, NULL, NULL, NULL, NULL, NULL, NULL, NULL, NULL, 0.00, 0.00, 0.00, 0.00, 0.00, 0.00, 0.00, 0.00, 0.00, 0.00, 0.00, 0.00, 0.00, 0.00, 0.00, 0.00, 0.00, 0.00, 0.00, NULL, NULL, NULL, NULL, NULL, NULL, NULL, NULL),
(131, 'metal_proc_tech', 2, 2.00, 255, 750, 500, 250, 0, 0, NULL, NULL, NULL, NULL, NULL, NULL, NULL, NULL, NULL, 0.00, 0.00, 0.00, 0.00, 0.00, 0.00, 0.00, 0.00, 0.00, 0.00, 0.00, 0.00, 0.00, 0.00, 0.00, 0.00, 0.00, 0.00, 0.00, NULL, NULL, NULL, NULL, NULL, NULL, NULL, NULL),
(132, 'crystal_proc_tech', 2, 2.00, 255, 1000, 750, 500, 0, 0, NULL, NULL, NULL, NULL, NULL, NULL, NULL, NULL, NULL, 0.00, 0.00, 0.00, 0.00, 0.00, 0.00, 0.00, 0.00, 0.00, 0.00, 0.00, 0.00, 0.00, 0.00, 0.00, 0.00, 0.00, 0.00, 0.00, NULL, NULL, NULL, NULL, NULL, NULL, NULL, NULL),
(133, 'deuterium_proc_tech', 2, 2.00, 255, 1250, 1000, 750, 0, 0, NULL, NULL, NULL, NULL, NULL, NULL, NULL, NULL, NULL, 0.00, 0.00, 0.00, 0.00, 0.00, 0.00, 0.00, 0.00, 0.00, 0.00, 0.00, 0.00, 0.00, 0.00, 0.00, 0.00, 0.00, 0.00, 0.00, NULL, NULL, NULL, NULL, NULL, NULL, NULL, NULL),
(199, 'graviton_tech', 2, 3.00, 255, 0, 0, 0, 300000, 0, NULL, NULL, NULL, NULL, NULL, NULL, NULL, NULL, NULL, 0.00, 0.00, 0.00, 0.00, 0.00, 0.00, 0.00, 0.00, 0.00, 0.00, 0.00, 0.00, 0.00, 0.00, 0.00, 0.00, 0.00, 0.00, 0.00, NULL, NULL, NULL, NULL, NULL, NULL, NULL, NULL),
(202, 'small_ship_cargo', 3145732, 1.00, NULL, 2000, 2000, 0, 0, 0, 10, 20, 4, 5000, 10000, 5000, 5, 10, NULL, 0.00, 0.00, 0.00, 0.00, 0.00, 0.00, 0.00, 0.00, 0.00, 0.00, 0.00, 0.00, 0.00, 0.00, 0.00, 0.00, 0.00, 0.00, 0.00, NULL, NULL, NULL, NULL, NULL, NULL, NULL, NULL),
(203, 'big_ship_cargo', 3145732, 1.00, NULL, 6000, 6000, 0, 0, 0, 50, 50, 1, 7500, 7500, 25000, 5, 25, NULL, 0.00, 0.00, 0.00, 0.00, 0.00, 0.00, 0.00, 0.00, 0.00, 0.00, 0.00, 0.00, 0.00, 0.00, 0.00, 0.00, 0.00, 0.00, 0.00, NULL, NULL, NULL, NULL, NULL, NULL, NULL, NULL),
(204, 'light_hunter', 3145732, 1.00, NULL, 3000, 1000, 0, 0, 0, 20, 20, 1, 12500, 12500, 50, 50, 10, NULL, 0.00, 0.00, 0.00, 0.00, 0.00, 0.00, 0.00, 0.00, 0.00, 0.00, 0.00, 0.00, 0.00, 0.00, 0.00, 0.00, 0.00, 0.00, 0.00, NULL, NULL, NULL, NULL, NULL, NULL, NULL, NULL),
(205, 'heavy_hunter', 3145732, 1.00, NULL, 6000, 4000, 0, 0, 0, 75, 75, 2, 10000, 15000, 100, 150, 25, NULL, 0.00, 0.00, 0.00, 0.00, 0.00, 0.00, 0.00, 0.00, 0.00, 0.00, 0.00, 0.00, 0.00, 0.00, 0.00, 0.00, 0.00, 0.00, 0.00, NULL, NULL, NULL, NULL, NULL, NULL, NULL, NULL),
(206, 'crusher', 3145732, 1.00, NULL, 20000, 7000, 2000, 0, 0, 300, 300, 2, 15000, 15000, 800, 400, 50, NULL, 0.00, 0.00, 0.00, 0.00, 0.00, 0.00, 0.00, 0.00, 0.00, 0.00, 0.00, 0.00, 0.00, 0.00, 0.00, 0.00, 0.00, 0.00, 0.00, NULL, NULL, NULL, NULL, NULL, NULL, NULL, NULL),
(207, 'battle_ship', 3145732, 1.00, NULL, 45000, 15000, 0, 0, 0, 250, 250, 3, 10000, 10000, 1500, 1000, 200, NULL, 0.00, 0.00, 0.00, 0.00, 0.00, 0.00, 0.00, 0.00, 0.00, 0.00, 0.00, 0.00, 0.00, 0.00, 0.00, 0.00, 0.00, 0.00, 0.00, NULL, NULL, NULL, NULL, NULL, NULL, NULL, NULL),
(208, 'colonizer', 3145732, 1.00, NULL, 10000, 20000, 10000, 0, 0, 1000, 1000, 2, 2500, 2500, 7500, 50, 100, NULL, 0.00, 0.00, 0.00, 0.00, 0.00, 0.00, 0.00, 0.00, 0.00, 0.00, 0.00, 0.00, 0.00, 0.00, 0.00, 0.00, 0.00, 0.00, 0.00, NULL, NULL, NULL, NULL, NULL, NULL, NULL, NULL),
(209, 'recycler', 3145732, 1.00, NULL, 10000, 6000, 2000, 0, 0, 300, 300, 1, 2000, 2000, 20000, 1, 10, NULL, 0.00, 0.00, 0.00, 0.00, 0.00, 0.00, 0.00, 0.00, 0.00, 0.00, 0.00, 0.00, 0.00, 0.00, 0.00, 0.00, 0.00, 0.00, 0.00, NULL, NULL, NULL, NULL, NULL, NULL, NULL, NULL),
(210, 'spy_sonde', 3145732, 1.00, NULL, 0, 1000, 0, 0, 0, 1, 1, 1, 100000000, 100000000, 5, 0, 0, NULL, 0.00, 0.00, 0.00, 0.00, 0.00, 0.00, 0.00, 0.00, 0.00, 0.00, 0.00, 0.00, 0.00, 0.00, 0.00, 0.00, 0.00, 0.00, 0.00, NULL, NULL, NULL, NULL, NULL, NULL, NULL, NULL),
(211, 'bomber_ship', 3145732, 1.00, NULL, 50000, 25000, 15000, 0, 0, 1000, 1000, 5, 4000, 5000, 500, 1000, 500, NULL, 0.00, 0.00, 0.00, 0.00, 0.00, 0.00, 0.00, 0.00, 0.00, 0.00, 0.00, 0.00, 0.00, 0.00, 0.00, 0.00, 0.00, 0.00, 0.00, NULL, NULL, NULL, NULL, NULL, NULL, NULL, NULL),
(212, 'solar_satelit', 3211268, 1.00, NULL, 0, 2000, 500, 0, 0, 0, 0, 0, 0, 0, 0, 0, 0, NULL, 0.00, 0.00, 0.00, 0.00, 0.00, 0.00, 0.00, 0.00, 0.00, 0.00, 0.00, 0.00, 0.00, 0.00, 0.00, 0.00, 0.00, 0.00, 0.00, NULL, NULL, NULL, '((($BuildTemp + 160) / 6) * $BuildLevel)', NULL, NULL, NULL, NULL),
(213, 'destructor', 3145732, 1.00, NULL, 60000, 50000, 15000, 0, 0, 1000, 1000, 3, 5000, 5000, 2000, 2000, 500, NULL, 0.00, 0.00, 0.00, 0.00, 0.00, 0.00, 0.00, 0.00, 0.00, 0.00, 0.00, 0.00, 0.00, 0.00, 0.00, 0.00, 0.00, 0.00, 0.00, NULL, NULL, NULL, NULL, NULL, NULL, NULL, NULL),
(214, 'dearth_star', 3145732, 1.00, NULL, 5000000, 4000000, 1000000, 0, 0, 1, 1, 3, 200, 200, 1000000, 200000, 50000, NULL, 0.00, 0.00, 0.00, 0.00, 0.00, 0.00, 0.00, 0.00, 0.00, 0.00, 0.00, 0.00, 0.00, 0.00, 0.00, 0.00, 0.00, 0.00, 0.00, NULL, NULL, NULL, NULL, NULL, NULL, NULL, NULL),
(215, 'battleship', 3145732, 1.00, NULL, 30000, 40000, 15000, 0, 0, 250, 250, 3, 10000, 10000, 750, 700, 400, NULL, 0.00, 0.00, 0.00, 0.00, 0.00, 0.00, 0.00, 0.00, 0.00, 0.00, 0.00, 0.00, 0.00, 0.00, 0.00, 0.00, 0.00, 0.00, 0.00, NULL, NULL, NULL, NULL, NULL, NULL, NULL, NULL),
(216, 'lune_noir', 3145732, 1.00, NULL, 8000000, 2000000, 1500000, 0, 0, 250, 250, 3, 900, 900, 15000000, 150000, 70000, NULL, 0.00, 0.00, 0.00, 0.00, 0.00, 0.00, 0.00, 0.00, 0.00, 0.00, 0.00, 0.00, 0.00, 0.00, 0.00, 0.00, 0.00, 0.00, 0.00, NULL, NULL, NULL, NULL, NULL, NULL, NULL, NULL),
(217, 'ev_transporter', 3145732, 1.00, NULL, 35000, 20000, 1500, 0, 0, 90, 90, 3, 6000, 6000, 400000000, 50, 120, NULL, 0.00, 0.00, 0.00, 0.00, 0.00, 0.00, 0.00, 0.00, 0.00, 0.00, 0.00, 0.00, 0.00, 0.00, 0.00, 0.00, 0.00, 0.00, 0.00, NULL, NULL, NULL, NULL, NULL, NULL, NULL, NULL),
(218, 'star_crasher', 3145732, 1.00, NULL, 275000000, 130000000, 60000000, 0, 0, 10000, 10000, 3, 10, 10, 50000000, 35000000, 2000000, NULL, 0.00, 0.00, 0.00, 0.00, 0.00, 0.00, 0.00, 0.00, 0.00, 0.00, 0.00, 0.00, 0.00, 0.00, 0.00, 0.00, 0.00, 0.00, 0.00, NULL, NULL, NULL, NULL, NULL, NULL, NULL, NULL),
(219, 'giga_recykler', 3145732, 1.00, NULL, 1000000, 600000, 200000, 0, 0, 300, 300, 3, 7500, 7500, 200000000, 1, 1000, NULL, 0.00, 0.00, 0.00, 0.00, 0.00, 0.00, 0.00, 0.00, 0.00, 0.00, 0.00, 0.00, 0.00, 0.00, 0.00, 0.00, 0.00, 0.00, 0.00, NULL, NULL, NULL, NULL, NULL, NULL, NULL, NULL),
(220, 'dm_ship', 3145732, 1.00, NULL, 6000000, 7000000, 3000000, 0, 0, 100000, 100000, 3, 100, 100, 6000000, 5, 50000, NULL, 0.00, 0.00, 0.00, 0.00, 0.00, 0.00, 0.00, 0.00, 0.00, 0.00, 0.00, 0.00, 0.00, 0.00, 0.00, 0.00, 0.00, 0.00, 0.00, NULL, NULL, NULL, NULL, NULL, NULL, NULL, NULL),
(401, 'misil_launcher', 3145736, 1.00, NULL, 2000, 0, 0, 0, 0, NULL, NULL, NULL, NULL, NULL, 0, 80, 20, NULL, 0.00, 0.00, 0.00, 0.00, 0.00, 0.00, 0.00, 0.00, 0.00, 0.00, 0.00, 0.00, 0.00, 0.00, 0.00, 0.00, 0.00, 0.00, 0.00, NULL, NULL, NULL, NULL, NULL, NULL, NULL, NULL),
(402, 'small_laser', 3145736, 1.00, NULL, 1500, 500, 0, 0, 0, NULL, NULL, NULL, NULL, NULL, 0, 100, 25, NULL, 0.00, 0.00, 0.00, 0.00, 0.00, 0.00, 0.00, 0.00, 0.00, 0.00, 0.00, 0.00, 0.00, 0.00, 0.00, 0.00, 0.00, 0.00, 0.00, NULL, NULL, NULL, NULL, NULL, NULL, NULL, NULL),
(403, 'big_laser', 3145736, 1.00, NULL, 6000, 2000, 0, 0, 0, NULL, NULL, NULL, NULL, NULL, 0, 250, 100, NULL, 0.00, 0.00, 0.00, 0.00, 0.00, 0.00, 0.00, 0.00, 0.00, 0.00, 0.00, 0.00, 0.00, 0.00, 0.00, 0.00, 0.00, 0.00, 0.00, NULL, NULL, NULL, NULL, NULL, NULL, NULL, NULL),
(404, 'gauss_canyon', 3145736, 1.00, NULL, 20000, 15000, 2000, 0, 0, NULL, NULL, NULL, NULL, NULL, 0, 1100, 200, NULL, 0.00, 0.00, 0.00, 0.00, 0.00, 0.00, 0.00, 0.00, 0.00, 0.00, 0.00, 0.00, 0.00, 0.00, 0.00, 0.00, 0.00, 0.00, 0.00, NULL, NULL, NULL, NULL, NULL, NULL, NULL, NULL),
(405, 'ionic_canyon', 3145736, 1.00, NULL, 2000, 6000, 0, 0, 0, NULL, NULL, NULL, NULL, NULL, 0, 150, 500, NULL, 0.00, 0.00, 0.00, 0.00, 0.00, 0.00, 0.00, 0.00, 0.00, 0.00, 0.00, 0.00, 0.00, 0.00, 0.00, 0.00, 0.00, 0.00, 0.00, NULL, NULL, NULL, NULL, NULL, NULL, NULL, NULL),
(406, 'buster_canyon', 3145736, 1.00, NULL, 50000, 50000, 30000, 0, 0, NULL, NULL, NULL, NULL, NULL, 0, 3000, 300, NULL, 0.00, 0.00, 0.00, 0.00, 0.00, 0.00, 0.00, 0.00, 0.00, 0.00, 0.00, 0.00, 0.00, 0.00, 0.00, 0.00, 0.00, 0.00, 0.00, NULL, NULL, NULL, NULL, NULL, NULL, NULL, NULL),
(407, 'small_protection_shield', 3407880, 1.00, NULL, 10000, 10000, 0, 0, 0, NULL, NULL, NULL, NULL, NULL, 0, 1, 2000, NULL, 0.00, 0.00, 0.00, 0.00, 0.00, 0.00, 0.00, 0.00, 0.00, 0.00, 0.00, 0.00, 0.00, 0.00, 0.00, 0.00, 0.00, 0.00, 0.00, NULL, NULL, NULL, NULL, NULL, NULL, NULL, NULL),
(408, 'big_protection_shield', 3407880, 1.00, NULL, 50000, 50000, 0, 0, 0, NULL, NULL, NULL, NULL, NULL, 0, 1, 10000, NULL, 0.00, 0.00, 0.00, 0.00, 0.00, 0.00, 0.00, 0.00, 0.00, 0.00, 0.00, 0.00, 0.00, 0.00, 0.00, 0.00, 0.00, 0.00, 0.00, NULL, NULL, NULL, NULL, NULL, NULL, NULL, NULL),
(409, 'planet_protector', 3407880, 1.00, NULL, 10000000, 5000000, 2500000, 0, 0, NULL, NULL, NULL, NULL, NULL, 0, 1, 1000000, NULL, 0.00, 0.00, 0.00, 0.00, 0.00, 0.00, 0.00, 0.00, 0.00, 0.00, 0.00, 0.00, 0.00, 0.00, 0.00, 0.00, 0.00, 0.00, 0.00, NULL, NULL, NULL, NULL, NULL, NULL, NULL, NULL),
(410, 'graviton_canyon', 3145736, 1.00, NULL, 15000000, 15000000, 0, 0, 0, NULL, NULL, NULL, NULL, NULL, 0, 500000, 80000, NULL, 0.00, 0.00, 0.00, 0.00, 0.00, 0.00, 0.00, 0.00, 0.00, 0.00, 0.00, 0.00, 0.00, 0.00, 0.00, 0.00, 0.00, 0.00, 0.00, NULL, NULL, NULL, NULL, NULL, NULL, NULL, NULL),
(411, 'orbital_station', 3407880, 1.00, NULL, 4294967295, 2000000000, 500000000, 1000000, 10000, NULL, NULL, NULL, NULL, NULL, 0, 400000000, 2000000000, NULL, 0.00, 0.00, 0.00, 0.00, 0.00, 0.00, 0.00, 0.00, 0.00, 0.00, 0.00, 0.00, 0.00, 0.00, 0.00, 0.00, 0.00, 0.00, 0.00, NULL, NULL, NULL, NULL, NULL, NULL, NULL, NULL),
(502, 'interceptor_misil', 3145736, 1.00, NULL, 8000, 0, 2000, 0, 0, NULL, NULL, NULL, NULL, NULL, 0, 1, 1, NULL, 0.00, 0.00, 0.00, 0.00, 0.00, 0.00, 0.00, 0.00, 0.00, 0.00, 0.00, 0.00, 0.00, 0.00, 0.00, 0.00, 0.00, 0.00, 0.00, NULL, NULL, NULL, NULL, NULL, NULL, NULL, NULL),
(503, 'interplanetary_misil', 3145736, 1.00, NULL, 12500, 2500, 10000, 0, 0, NULL, NULL, NULL, NULL, NULL, 0, 12000, 1, NULL, 0.00, 0.00, 0.00, 0.00, 0.00, 0.00, 0.00, 0.00, 0.00, 0.00, 0.00, 0.00, 0.00, 0.00, 0.00, 0.00, 0.00, 0.00, 0.00, NULL, NULL, NULL, NULL, NULL, NULL, NULL, NULL),
(601, 'rpg_geologue', 16, 1.00, 20, 0, 0, 0, 0, 1000, NULL, NULL, NULL, NULL, NULL, NULL, NULL, NULL, NULL, 0.00, 0.00, 0.00, 0.00, 0.00, 0.00, 0.00, 0.05, 0.00, 0.00, 0.00, 0.00, 0.00, 0.00, 0.00, 0.00, 0.00, 0.00, 0.00, NULL, NULL, NULL, NULL, NULL, NULL, NULL, NULL),
(602, 'rpg_amiral', 16, 1.00, 20, 0, 0, 0, 0, 1000, NULL, NULL, NULL, NULL, NULL, NULL, NULL, NULL, NULL, 0.05, 0.05, 0.05, 0.00, 0.00, 0.00, 0.00, 0.00, 0.00, 0.00, 0.00, 0.00, 0.00, 0.00, 0.00, 0.00, 0.00, 0.00, 0.00, NULL, NULL, NULL, NULL, NULL, NULL, NULL, NULL),
(603, 'rpg_ingenieur', 16, 1.00, 10, 0, 0, 0, 0, 1000, NULL, NULL, NULL, NULL, NULL, NULL, NULL, NULL, NULL, 0.05, 0.05, 0.00, 0.00, 0.00, 0.00, 0.00, 0.00, 0.05, 0.00, 0.00, 0.00, 0.00, 0.00, 0.00, 0.00, 0.00, 0.00, 0.00, NULL, NULL, NULL, NULL, NULL, NULL, NULL, NULL),
(604, 'rpg_technocrate', 16, 1.00, 10, 0, 0, 0, 0, 1000, NULL, NULL, NULL, NULL, NULL, NULL, NULL, NULL, NULL, 0.00, 0.00, 0.00, 0.00, 0.00, -0.05, 0.00, 0.00, 0.00, 0.00, 0.00, 0.00, 0.00, 0.00, 0.00, 0.00, 0.00, 0.00, 0.00, NULL, NULL, NULL, NULL, NULL, NULL, NULL, NULL),
(605, 'rpg_constructeur', 16, 1.00, 3, 0, 0, 0, 0, 1000, NULL, NULL, NULL, NULL, NULL, NULL, NULL, NULL, NULL, 0.00, 0.00, 0.00, -0.10, 0.00, 0.00, 0.00, 0.00, 0.00, 0.00, 0.00, 0.00, 0.00, 0.00, 0.00, 0.00, 0.00, 0.00, 0.00, NULL, NULL, NULL, NULL, NULL, NULL, NULL, NULL),
(606, 'rpg_scientifique', 16, 1.00, 3, 0, 0, 0, 0, 1000, NULL, NULL, NULL, NULL, NULL, NULL, NULL, NULL, NULL, 0.00, 0.00, 0.00, 0.00, -0.10, 0.00, 0.00, 0.00, 0.00, 0.00, 0.00, 0.00, 0.00, 0.00, 0.00, 0.00, 0.00, 0.00, 0.00, NULL, NULL, NULL, NULL, NULL, NULL, NULL, NULL),
(607, 'rpg_stockeur', 16, 1.00, 2, 0, 0, 0, 0, 1000, NULL, NULL, NULL, NULL, NULL, NULL, NULL, NULL, NULL, 0.00, 0.00, 0.00, 0.00, 0.00, 0.00, 0.00, 0.00, 0.00, 0.00, 0.50, 0.00, 0.00, 0.00, 0.00, 0.00, 0.00, 0.00, 0.00, NULL, NULL, NULL, NULL, NULL, NULL, NULL, NULL),
(608, 'rpg_defenseur', 16, 1.00, 2, 0, 0, 0, 0, 1000, NULL, NULL, NULL, NULL, NULL, NULL, NULL, NULL, NULL, 0.00, 0.00, 0.00, 0.00, 0.00, 0.00, -0.25, 0.00, 0.00, 0.00, 0.00, 0.00, 0.00, 0.00, 0.00, 0.00, 0.00, 0.00, 0.00, NULL, NULL, NULL, NULL, NULL, NULL, NULL, NULL),
(609, 'rpg_bunker', 16, 1.00, 1, 0, 0, 0, 0, 1000, NULL, NULL, NULL, NULL, NULL, NULL, NULL, NULL, NULL, 0.00, 0.00, 0.00, 0.00, 0.00, 0.00, 0.00, 0.00, 0.00, 0.00, 0.00, 0.00, 0.00, 0.00, 0.00, 0.00, 0.00, 0.00, 0.00, NULL, NULL, NULL, NULL, NULL, NULL, NULL, NULL),
(610, 'rpg_espion', 16, 1.00, 2, 0, 0, 0, 0, 1000, NULL, NULL, NULL, NULL, NULL, NULL, NULL, NULL, NULL, 0.00, 0.00, 0.00, 0.00, 0.00, 0.00, 0.00, 0.00, 0.00, 0.00, 0.00, 0.00, 0.00, 0.00, 0.00, 0.00, 0.00, 0.00, 0.00, NULL, NULL, NULL, NULL, NULL, NULL, NULL, NULL),
(611, 'rpg_commandant', 16, 1.00, 3, 0, 0, 0, 0, 1000, NULL, NULL, NULL, NULL, NULL, NULL, NULL, NULL, NULL, 0.00, 0.00, 0.00, 0.00, 0.00, 0.00, 0.00, 0.00, 0.00, 0.00, 0.00, 0.00, 3.00, 0.00, 0.00, 0.00, 0.00, 0.00, 0.00, NULL, NULL, NULL, NULL, NULL, NULL, NULL, NULL),
(612, 'rpg_destructeur', 16, 1.00, 1, 0, 0, 0, 0, 1000, NULL, NULL, NULL, NULL, NULL, NULL, NULL, NULL, NULL, 0.00, 0.00, 0.00, 0.00, 0.00, 0.00, 0.00, 0.00, 0.00, 0.00, 0.00, 0.00, 0.00, 0.00, 0.00, 0.00, 0.00, 0.00, 0.00, NULL, NULL, NULL, NULL, NULL, NULL, NULL, NULL),
(613, 'rpg_general', 16, 1.00, 3, 0, 0, 0, 0, 1000, NULL, NULL, NULL, NULL, NULL, NULL, NULL, NULL, NULL, 0.00, 0.00, 0.00, 0.00, 0.00, 0.00, 0.00, 0.00, 0.00, 0.00, 0.00, 0.10, 0.00, 0.00, 0.00, 0.00, 0.00, 0.00, 0.00, NULL, NULL, NULL, NULL, NULL, NULL, NULL, NULL),
(614, 'rpg_raideur', 16, 1.00, 1, 0, 0, 0, 0, 1000, NULL, NULL, NULL, NULL, NULL, NULL, NULL, NULL, NULL, 0.00, 0.00, 0.00, 0.00, 0.00, 0.00, 0.00, 0.00, 0.00, 0.00, 0.00, 0.00, 0.00, 0.00, 0.00, 0.00, 0.00, 0.00, 0.00, NULL, NULL, NULL, NULL, NULL, NULL, NULL, NULL),
(615, 'rpg_empereur', 16, 1.00, 1, 0, 0, 0, 0, 1000, NULL, NULL, NULL, NULL, NULL, NULL, NULL, NULL, NULL, 0.00, 0.00, 0.00, 0.00, 0.00, 0.00, 0.00, 0.00, 0.00, 0.00, 0.00, 0.00, 0.00, 0.00, 0.00, 0.00, 0.00, 0.00, 0.00, NULL, NULL, NULL, NULL, NULL, NULL, NULL, NULL),
(701, 'dm_attack', 32, 1.00, NULL, 0, 0, 0, 0, 1500, NULL, NULL, NULL, NULL, NULL, NULL, NULL, NULL, 86400, 0.10, 0.10, 0.00, 0.00, 0.00, 0.00, 0.00, 0.00, 0.00, 0.00, 0.00, 0.00, 0.00, 0.00, 0.00, 0.00, 0.00, 0.00, 0.00, NULL, NULL, NULL, NULL, NULL, NULL, NULL, NULL),
(702, 'dm_defensive', 32, 1.00, NULL, 0, 0, 0, 0, 1500, NULL, NULL, NULL, NULL, NULL, NULL, NULL, NULL, 86400, 0.00, 0.00, 0.10, 0.00, 0.00, 0.00, 0.00, 0.00, 0.00, 0.00, 0.00, 0.00, 0.00, 0.00, 0.00, 0.00, 0.00, 0.00, 0.00, NULL, NULL, NULL, NULL, NULL, NULL, NULL, NULL),
(703, 'dm_buildtime', 32, 1.00, NULL, 0, 0, 0, 0, 750, NULL, NULL, NULL, NULL, NULL, NULL, NULL, NULL, 86400, 0.00, 0.00, 0.00, -0.10, 0.00, 0.00, 0.00, 0.00, 0.00, 0.00, 0.00, 0.00, 0.00, 0.00, 0.00, 0.00, 0.00, 0.00, 0.00, NULL, NULL, NULL, NULL, NULL, NULL, NULL, NULL),
(704, 'dm_resource', 32, 1.00, NULL, 0, 0, 0, 0, 2500, NULL, NULL, NULL, NULL, NULL, NULL, NULL, NULL, 86400, 0.00, 0.00, 0.00, 0.00, 0.00, 0.00, 0.00, 0.10, 0.00, 0.00, 0.00, 0.00, 0.00, 0.00, 0.00, 0.00, 0.00, 0.00, 0.00, NULL, NULL, NULL, NULL, NULL, NULL, NULL, NULL),
(705, 'dm_energie', 32, 1.00, NULL, 0, 0, 0, 0, 2000, NULL, NULL, NULL, NULL, NULL, NULL, NULL, NULL, 86400, 0.00, 0.00, 0.00, 0.00, -0.10, 0.00, 0.00, 0.00, 0.00, 0.00, 0.00, 0.00, 0.00, 0.00, 0.00, 0.00, 0.00, 0.00, 0.00, NULL, NULL, NULL, NULL, NULL, NULL, NULL, NULL),
(706, 'dm_researchtime', 32, 1.00, NULL, 0, 0, 0, 0, 1250, NULL, NULL, NULL, NULL, NULL, NULL, NULL, NULL, 86400, 0.00, 0.00, 0.00, 0.00, 0.00, 0.00, 0.00, 0.00, 0.10, 0.00, 0.00, 0.00, 0.00, 0.00, 0.00, 0.00, 0.00, 0.00, 0.00, NULL, NULL, NULL, NULL, NULL, NULL, NULL, NULL),
(707, 'dm_fleettime', 32, 1.00, NULL, 0, 0, 0, 0, 3000, NULL, NULL, NULL, NULL, NULL, NULL, NULL, NULL, 86400, 0.00, 0.00, 0.00, 0.00, 0.00, 0.00, 0.00, 0.00, 0.00, 0.00, 0.00, -0.10, 0.00, 0.00, 0.00, 0.00, 0.00, 0.00, 0.00, NULL, NULL, NULL, NULL, NULL, NULL, NULL, NULL),
(901, 'metal', 128, 1.00, NULL, 0, 0, 0, 0, 0, NULL, NULL, NULL, NULL, NULL, NULL, NULL, NULL, NULL, 0.00, 0.00, 0.00, 0.00, 0.00, 0.00, 0.00, 0.00, 0.00, 0.00, 0.00, 0.00, 0.00, 0.00, 0.00, 0.00, 0.00, 0.00, 0.00, NULL, NULL, NULL, NULL, NULL, NULL, NULL, NULL),
(902, 'crystal', 128, 1.00, NULL, 0, 0, 0, 0, 0, NULL, NULL, NULL, NULL, NULL, NULL, NULL, NULL, NULL, 0.00, 0.00, 0.00, 0.00, 0.00, 0.00, 0.00, 0.00, 0.00, 0.00, 0.00, 0.00, 0.00, 0.00, 0.00, 0.00, 0.00, 0.00, 0.00, NULL, NULL, NULL, NULL, NULL, NULL, NULL, NULL),
(903, 'deuterium', 128, 1.00, NULL, 0, 0, 0, 0, 0, NULL, NULL, NULL, NULL, NULL, NULL, NULL, NULL, NULL, 0.00, 0.00, 0.00, 0.00, 0.00, 0.00, 0.00, 0.00, 0.00, 0.00, 0.00, 0.00, 0.00, 0.00, 0.00, 0.00, 0.00, 0.00, 0.00, NULL, NULL, NULL, NULL, NULL, NULL, NULL, NULL),
(911, 'energy', 512, 1.00, NULL, 0, 0, 0, 0, 0, NULL, NULL, NULL, NULL, NULL, NULL, NULL, NULL, NULL, 0.00, 0.00, 0.00, 0.00, 0.00, 0.00, 0.00, 0.00, 0.00, 0.00, 0.00, 0.00, 0.00, 0.00, 0.00, 0.00, 0.00, 0.00, 0.00, NULL, NULL, NULL, NULL, NULL, NULL, NULL, NULL),
(921, 'darkmatter', 256, 1.00, NULL, 0, 0, 0, 0, 0, NULL, NULL, NULL, NULL, NULL, NULL, NULL, NULL, NULL, 0.00, 0.00, 0.00, 0.00, 0.00, 0.00, 0.00, 0.00, 0.00, 0.00, 0.00, 0.00, 0.00, 0.00, 0.00, 0.00, 0.00, 0.00, 0.00, NULL, NULL, NULL, NULL, NULL, NULL, NULL, NULL);


INSERT INTO `$PREFIX$vars_rapidfire` (`elementID`, `rapidfireID`, `shoots`) VALUES
(202, 210, 5),
(202, 212, 5),
(203, 210, 5),
(203, 212, 5),
(204, 210, 5),
(204, 212, 5),
(205, 202, 3),
(205, 210, 5),
(205, 212, 5),
(206, 204, 6),
(206, 401, 10),
(206, 210, 5),
(206, 212, 5),
(207, 210, 5),
(207, 212, 5),
(208, 210, 5),
(208, 212, 5),
(209, 210, 5),
(209, 212, 5),
(211, 210, 5),
(211, 212, 5),
(211, 401, 20),
(211, 402, 20),
(211, 403, 10),
(211, 405, 10),
(213, 210, 5),
(213, 212, 5),
(213, 215, 2),
(213, 402, 10),
(214, 210, 1250),
(214, 212, 1250),
(214, 202, 250),
(214, 203, 250),
(214, 208, 250),
(214, 209, 250),
(214, 204, 200),
(214, 205, 100),
(214, 206, 33),
(214, 207, 30),
(214, 211, 25),
(214, 215, 15),
(214, 213, 5),
(214, 401, 200),
(214, 402, 200),
(214, 403, 100),
(214, 404, 50),
(214, 405, 100),
(215, 202, 3),
(215, 203, 3),
(215, 205, 4),
(215, 206, 4),
(215, 207, 10),
(215, 210, 5),
(215, 212, 5),
(216, 210, 1250),
(216, 212, 1250),
(216, 202, 250),
(216, 203, 250),
(216, 204, 200),
(216, 205, 100),
(216, 206, 33),
(216, 207, 30),
(216, 208, 250),
(216, 209, 250),
(216, 211, 25),
(216, 213, 5),
(216, 214, 1),
(216, 215, 15),
(216, 401, 400),
(216, 402, 200),
(216, 403, 100),
(216, 404, 50),
(216, 405, 100),
(217, 210, 5),
(217, 212, 5),
(218, 210, 1250),
(218, 212, 1250),
(218, 202, 250),
(218, 203, 250),
(218, 204, 200),
(218, 205, 100),
(218, 206, 33),
(218, 207, 30),
(218, 208, 250),
(218, 209, 250),
(218, 211, 25),
(218, 213, 5),
(218, 215, 15),
(218, 401, 400),
(218, 402, 200),
(218, 403, 100),
(218, 404, 50),
(218, 405, 100),
(219, 210, 5),
(219, 212, 5),
(220, 210, 5),
(220, 212, 5);

INSERT INTO `$PREFIX$vars_requriements` (`elementID`, `requireID`, `requireLevel`) VALUES
(6, 14, 20),
(6, 31, 22),
(6, 15, 4),
(6, 108, 12),
(6, 123, 3),
(12, 3, 5),
(12, 113, 3),
(15, 14, 10),
(15, 108, 10),
(21, 14, 2),
(33, 15, 1),
(33, 113, 12),
(42, 41, 1),
(43, 41, 1),
(43, 114, 7),
(44, 21, 1),
(106, 31, 3),
(108, 31, 1),
(109, 31, 4),
(110, 113, 3),
(110, 31, 6),
(111, 31, 2),
(113, 31, 1),
(114, 113, 5),
(114, 110, 5),
(114, 31, 7),
(115, 113, 1),
(115, 31, 1),
(117, 113, 1),
(117, 31, 2),
(118, 114, 3),
(118, 31, 7),
(120, 31, 1),
(120, 113, 2),
(121, 31, 4),
(121, 120, 5),
(121, 113, 4),
(122, 31, 5),
(122, 113, 8),
(122, 120, 10),
(122, 121, 5),
(123, 31, 10),
(123, 108, 8),
(123, 114, 8),
(124, 106, 3),
(124, 117, 3),
(124, 31, 3),
(131, 31, 8),
(131, 113, 5),
(132, 31, 8),
(132, 113, 5),
(133, 31, 8),
(133, 113, 5),
(199, 31, 12),
(202, 21, 2),
(202, 115, 2),
(203, 21, 4),
(203, 115, 6),
(204, 21, 1),
(204, 115, 1),
(205, 21, 3),
(205, 111, 2),
(205, 117, 2),
(206, 21, 5),
(206, 117, 4),
(206, 121, 2),
(207, 21, 7),
(207, 118, 4),
(208, 21, 4),
(208, 117, 3),
(209, 21, 4),
(209, 115, 6),
(209, 110, 2),
(210, 21, 3),
(210, 115, 3),
(210, 106, 2),
(211, 117, 6),
(211, 21, 8),
(211, 122, 5),
(212, 21, 1),
(213, 21, 9),
(213, 118, 6),
(213, 114, 5),
(214, 21, 12),
(214, 118, 7),
(214, 114, 6),
(214, 199, 1),
(215, 114, 5),
(215, 120, 12),
(215, 118, 5),
(215, 21, 8),
(216, 106, 12),
(216, 21, 15),
(216, 109, 14),
(216, 110, 14),
(216, 111, 15),
(216, 114, 10),
(216, 120, 20),
(216, 199, 3),
(217, 111, 10),
(217, 21, 14),
(217, 114, 10),
(217, 110, 14),
(217, 117, 15),
(218, 21, 18),
(218, 109, 20),
(218, 110, 20),
(218, 111, 20),
(218, 114, 15),
(218, 118, 20),
(218, 120, 25),
(218, 199, 8),
(219, 21, 15),
(219, 109, 15),
(219, 110, 15),
(219, 111, 15),
(219, 118, 8),
(220, 21, 9),
(220, 114, 5),
(220, 118, 6),
(401, 21, 1),
(402, 113, 1),
(402, 21, 2),
(402, 120, 3),
(403, 113, 3),
(403, 21, 4),
(403, 120, 6),
(404, 21, 6),
(404, 113, 6),
(404, 109, 3),
(404, 110, 1),
(405, 21, 4),
(405, 121, 4),
(406, 21, 8),
(406, 122, 7),
(407, 110, 2),
(407, 21, 1),
(408, 110, 6),
(408, 21, 6),
(409, 609, 1),
(410, 199, 7),
(410, 21, 18),
(410, 109, 20),
(411, 199, 10),
(411, 110, 22),
(411, 122, 20),
(411, 108, 15),
(411, 111, 25),
(411, 113, 20),
(411, 608, 2),
(411, 21, 20),
(502, 44, 2),
(502, 21, 1),
(503, 44, 4),
(503, 21, 1),
(503, 117, 1),
(603, 601, 5),
(604, 602, 5),
(605, 601, 10),
(605, 603, 2),
(606, 601, 10),
(606, 603, 2),
(607, 605, 1),
(608, 606, 1),
(609, 601, 20),
(609, 603, 10),
(609, 605, 3),
(609, 606, 3),
(609, 607, 2),
(609, 608, 2),
(610, 602, 10),
(610, 604, 5),
(611, 602, 10),
(611, 604, 5),
(612, 610, 1),
(613, 611, 1),
(614, 602, 20),
(614, 604, 10),
(614, 610, 2),
(614, 611, 2),
(614, 612, 1),
(614, 613, 3),
(615, 614, 1),
(615, 609, 1);

/*!40101 SET CHARACTER_SET_CLIENT=@OLD_CHARACTER_SET_CLIENT */;
/*!40101 SET CHARACTER_SET_RESULTS=@OLD_CHARACTER_SET_RESULTS */;
/*!40101 SET COLLATION_CONNECTION=@OLD_COLLATION_CONNECTION */;